year,date_doy,month,day,source_type,source,tempC,tempF
801,NA,NA,NA,NA,-,NA,NA
802,NA,NA,NA,NA,-,NA,NA
803,NA,NA,NA,NA,-,NA,NA
804,NA,NA,NA,NA,-,NA,NA
805,NA,NA,NA,NA,-,NA,NA
806,NA,NA,NA,NA,-,NA,NA
807,NA,NA,NA,NA,-,NA,NA
808,NA,NA,NA,NA,-,NA,NA
809,NA,NA,NA,NA,-,NA,NA
810,NA,NA,NA,NA,-,NA,NA
811,NA,NA,NA,NA,-,NA,NA
812,92,Apr,1,2,NIHON-KOKI,9.9,49.82
813,NA,NA,NA,NA,-,NA,NA
814,NA,NA,NA,NA,-,NA,NA
815,105,Apr,15,2,NIHON-KOKI,6,42.8
816,NA,NA,NA,NA,-,NA,NA
817,NA,NA,NA,NA,-,NA,NA
818,NA,NA,NA,NA,-,NA,NA
819,NA,NA,NA,NA,-,NA,NA
820,NA,NA,NA,NA,-,NA,NA
821,NA,NA,NA,NA,-,NA,NA
822,NA,NA,NA,NA,-,NA,NA
823,NA,NA,NA,NA,-,NA,NA
824,NA,NA,NA,NA,-,NA,NA
825,NA,NA,NA,NA,-,NA,NA
826,NA,NA,NA,NA,-,NA,NA
827,NA,NA,NA,NA,-,NA,NA
828,NA,NA,NA,NA,-,NA,NA
829,NA,NA,NA,NA,-,NA,NA
830,NA,NA,NA,NA,-,NA,NA
831,96,Apr,6,2,NIHON-KOKI,8.6,47.48
832,NA,NA,NA,NA,-,NA,NA
833,NA,NA,NA,NA,-,NA,NA
834,NA,NA,NA,NA,-,NA,NA
835,NA,NA,NA,NA,-,NA,NA
836,NA,NA,NA,NA,-,NA,NA
837,NA,NA,NA,NA,-,NA,NA
838,NA,NA,NA,NA,-,NA,NA
839,NA,NA,NA,NA,-,NA,NA
840,NA,NA,NA,NA,-,NA,NA
841,NA,NA,NA,NA,-,NA,NA
842,NA,NA,NA,NA,-,NA,NA
843,NA,NA,NA,NA,-,NA,NA
844,NA,NA,NA,NA,-,NA,NA
845,NA,NA,NA,NA,-,NA,NA
846,NA,NA,NA,NA,-,NA,NA
847,NA,NA,NA,NA,-,NA,NA
848,NA,NA,NA,NA,-,NA,NA
849,NA,NA,NA,NA,-,NA,NA
850,NA,NA,NA,NA,-,NA,NA
851,108,Apr,18,2,MONTOKUTENNO-JITSUROKU,5.2,41.36
852,NA,NA,NA,NA,-,NA,NA
853,104,Apr,14,2,MONTOKUTENNO-JITSUROKU,6.3,43.34
854,NA,NA,NA,NA,-,NA,NA
855,NA,NA,NA,NA,-,NA,NA
856,NA,NA,NA,NA,-,NA,NA
857,NA,NA,NA,NA,-,NA,NA
858,NA,NA,NA,NA,-,NA,NA
859,NA,NA,NA,NA,-,NA,NA
860,NA,NA,NA,NA,-,NA,NA
861,NA,NA,NA,NA,-,NA,NA
862,NA,NA,NA,NA,-,NA,NA
863,NA,NA,NA,NA,-,NA,NA
864,100,Apr,9,2,NIPPON-SANDAI-JITSUROKU,7.4,45.32
865,NA,NA,NA,NA,-,NA,NA
866,106,Apr,16,2,NIPPON-SANDAI-JITSUROKU,5.7,42.26
867,NA,NA,NA,NA,-,NA,NA
868,NA,NA,NA,NA,-,NA,NA
869,95,Apr,5,2,KANKE-BUNSOU,8.9,48.02
870,NA,NA,NA,NA,-,NA,NA
871,NA,NA,NA,NA,-,NA,NA
872,NA,NA,NA,NA,-,NA,NA
873,NA,NA,NA,NA,-,NA,NA
874,NA,NA,NA,NA,-,NA,NA
875,NA,NA,NA,NA,-,NA,NA
876,NA,NA,NA,NA,-,NA,NA
877,NA,NA,NA,NA,-,NA,NA
878,NA,NA,NA,NA,-,NA,NA
879,NA,NA,NA,NA,-,NA,NA
880,NA,NA,NA,NA,-,NA,NA
881,NA,NA,NA,NA,-,NA,NA
882,NA,NA,NA,NA,-,NA,NA
883,NA,NA,NA,NA,-,NA,NA
884,NA,NA,NA,NA,-,NA,NA
885,NA,NA,NA,NA,-,NA,NA
886,NA,NA,NA,NA,-,NA,NA
887,NA,NA,NA,NA,-,NA,NA
888,NA,NA,NA,NA,-,NA,NA
889,104,Apr,14,2,NIPPON-SANDAI-JITSUROKU,6.3,43.34
890,NA,NA,NA,NA,-,NA,NA
891,109,Apr,19,4,NIHONKIRYAKU,4.9,40.82
892,108,Apr,17,3,FUSHIMIIN-GOKIROKKU,5.2,41.36
893,NA,NA,NA,NA,-,NA,NA
894,106,Apr,16,2,KANKE-BUNSOU,5.7,42.26
895,104,Apr,14,4,NIHONKIRYAKU,6.3,43.34
896,104,Apr,13,4,NIPPON-SANDAI-JITSUROKU,6.3,43.34
897,NA,NA,NA,NA,-,NA,NA
898,NA,NA,NA,NA,-,NA,NA
899,NA,NA,NA,NA,-,NA,NA
900,NA,NA,NA,NA,-,NA,NA
901,NA,NA,NA,NA,-,NA,NA
902,102,Apr,12,8,EST-from-WF(NIHONGI-RYAKU),6.9,44.42
903,NA,NA,NA,NA,-,NA,NA
904,NA,NA,NA,NA,-,NA,NA
905,NA,NA,NA,NA,-,NA,NA
906,NA,NA,NA,NA,-,NA,NA
907,NA,NA,NA,NA,-,NA,NA
908,98,Apr,7,8,EST-from-WF(KIMITADA-SHU),8,46.4
909,NA,NA,NA,NA,-,NA,NA
910,NA,NA,NA,NA,-,NA,NA
911,NA,NA,NA,NA,-,NA,NA
912,95,Apr,4,2,SHINGISHIKI,8.9,48.02
913,110,Apr,20,2,SHUI-WAKASHU,4.6,40.28
914,NA,NA,NA,NA,-,NA,NA
915,NA,NA,NA,NA,-,NA,NA
916,NA,NA,NA,NA,-,NA,NA
917,95,Apr,5,2,KINHISHO,8.9,48.02
918,NA,NA,NA,NA,-,NA,NA
919,NA,NA,NA,NA,-,NA,NA
920,NA,NA,NA,NA,-,NA,NA
921,NA,NA,NA,NA,-,NA,NA
922,NA,NA,NA,NA,-,NA,NA
923,104,Apr,14,4,ZOKU-KOKIN-WAKASHU,6.3,43.34
924,NA,NA,NA,NA,-,NA,NA
925,NA,NA,NA,NA,-,NA,NA
926,98,Apr,8,2,NIHONKIRYAKU,8,46.4
927,NA,NA,NA,NA,-,NA,NA
928,NA,NA,NA,NA,-,NA,NA
929,NA,NA,NA,NA,-,NA,NA
930,97,Apr,7,8,EST-from-WF(SHIRYO-SORAN),8.3,46.94
931,NA,NA,NA,NA,-,NA,NA
932,NA,NA,NA,NA,-,NA,NA
933,106,Apr,16,8,EST-from-WF(SHIRYO-SORAN),5.7,42.26
934,NA,NA,NA,NA,-,NA,NA
935,NA,NA,NA,NA,-,NA,NA
936,NA,NA,NA,NA,-,NA,NA
937,NA,NA,NA,NA,-,NA,NA
938,NA,NA,NA,NA,-,NA,NA
939,NA,NA,NA,NA,-,NA,NA
940,NA,NA,NA,NA,-,NA,NA
941,109,Apr,19,2,NIHONKIRYAKU,4.9,40.82
942,NA,NA,NA,NA,-,NA,NA
943,NA,NA,NA,NA,-,NA,NA
944,NA,NA,NA,NA,-,NA,NA
945,NA,NA,NA,NA,-,NA,NA
946,NA,NA,NA,NA,-,NA,NA
947,NA,NA,NA,NA,-,NA,NA
948,NA,NA,NA,NA,-,NA,NA
949,107,Apr,17,2,NIHONKIRYAKU,5.4,41.72
950,95,Apr,5,2,DAINIHON-SHIRYO,8.9,48.02
951,NA,NA,NA,NA,-,NA,NA
952,NA,NA,NA,NA,-,NA,NA
953,NA,NA,NA,NA,-,NA,NA
954,NA,NA,NA,NA,-,NA,NA
955,89,Mar,30,4,SHUISHO,10.8,51.44
956,NA,NA,NA,NA,-,NA,NA
957,112,Apr,22,2,NIHONKIRYAKU,4.1,39.38
958,109,Apr,19,2,NIHONKIRYAKU,4.9,40.82
959,97,Apr,7,2,KYUREKI,8.3,46.94
960,101,Apr,10,2,KYUREKI,7.2,44.96
961,87,Mar,28,2,NIHONKIRYAKU,11.5,52.7
962,NA,NA,NA,NA,-,NA,NA
963,94,Apr,4,2,NIHONKIRYAKU,9.3,48.74
964,NA,NA,NA,NA,-,NA,NA
965,104,Apr,14,2,NIHONKIRYAKU,6.3,43.34
966,98,Apr,8,2,NIHONKIRYAKU,8,46.4
967,103,Apr,13,2,NIHONKIRYAKU,6.6,43.88
968,NA,NA,NA,NA,-,NA,NA
969,98,Apr,8,4,NIHONKIRYAKU,8,46.4
970,NA,NA,NA,NA,-,NA,NA
971,NA,NA,NA,NA,-,NA,NA
972,107,Apr,16,8,EST-from-WF(SHIRYO-SORAN),5.4,41.72
973,NA,NA,NA,NA,-,NA,NA
974,108,Apr,18,2,NIHONKIRYAKU,5.2,41.36
975,101,Apr,11,2,NIHONKIRYAKU,7.2,44.96
976,NA,NA,NA,NA,-,NA,NA
977,112,Apr,22,2,FUSO-RYAKKI,4.1,39.38
978,NA,NA,NA,NA,-,NA,NA
979,104,Apr,14,3,DAINIHON-SHIRYO,6.3,43.34
980,NA,NA,NA,NA,-,NA,NA
981,NA,NA,NA,NA,-,NA,NA
982,NA,NA,NA,NA,-,NA,NA
983,NA,NA,NA,NA,-,NA,NA
984,NA,NA,NA,NA,-,NA,NA
985,94,Apr,4,2,SHOYUKI,9.3,48.74
986,NA,NA,NA,NA,-,NA,NA
987,NA,NA,NA,NA,-,NA,NA
988,NA,NA,NA,NA,-,NA,NA
989,100,Apr,10,2,SHOYUKI,7.4,45.32
990,NA,NA,NA,NA,-,NA,NA
991,104,Apr,14,1,EIGA-MONOGATARI(MIHATENUYUME),6.3,43.34
992,NA,NA,NA,NA,-,NA,NA
993,NA,NA,NA,NA,-,NA,NA
994,NA,NA,NA,NA,-,NA,NA
995,NA,NA,NA,NA,-,NA,NA
996,NA,NA,NA,NA,-,NA,NA
997,NA,NA,NA,NA,-,NA,NA
998,NA,NA,NA,NA,-,NA,NA
999,NA,NA,NA,NA,-,NA,NA
1000,105,Apr,15,2,MIDO-KAMPAKUKI,6,42.8
1001,NA,NA,NA,NA,-,NA,NA
1002,NA,NA,NA,NA,-,NA,NA
1003,NA,NA,NA,NA,-,NA,NA
1004,117,Apr,26,2,MIDO-KAMPAKUKI,2.7,36.86
1005,NA,NA,NA,NA,-,NA,NA
1006,100,Apr,10,2,NIHONKIRYAKU,7.4,45.32
1007,106,Apr,16,4,MIDO-KAMPAKUKI,5.7,42.26
1008,NA,NA,NA,NA,-,NA,NA
1009,NA,NA,NA,NA,-,NA,NA
1010,NA,NA,NA,NA,-,NA,NA
1011,NA,NA,NA,NA,-,NA,NA
1012,NA,NA,NA,NA,-,NA,NA
1013,NA,NA,NA,NA,-,NA,NA
1014,115,Apr,25,2,DAI-SAIIN-GYOSHU,3.2,37.76
1015,NA,NA,NA,NA,-,NA,NA
1016,111,Apr,20,2,MIDO-KAMPAKUKI,4.3,39.74
1017,99,Apr,9,2,MIDO-KAMPAKUKI,7.7,45.86
1018,113,Apr,23,2,MIDO-KAMPAKUKI,3.8,38.84
1019,98,Apr,8,2,SHOYUKI,8,46.4
1020,NA,NA,NA,NA,-,NA,NA
1021,NA,NA,NA,NA,-,NA,NA
1022,NA,NA,NA,NA,-,NA,NA
1023,NA,NA,NA,NA,-,NA,NA
1024,NA,NA,NA,NA,-,NA,NA
1025,NA,NA,NA,NA,-,NA,NA
1026,NA,NA,NA,NA,-,NA,NA
1027,NA,NA,NA,NA,-,NA,NA
1028,NA,NA,NA,NA,-,NA,NA
1029,116,Apr,26,2,REKIDAI-HENNEN-SHUSEI,3,37.4
1030,NA,NA,NA,NA,-,NA,NA
1031,97,Apr,7,2,SHOYUKI,8.3,46.94
1032,111,Apr,20,2,NIHONKIRYAKU,4.3,39.74
1033,102,Apr,12,4,NIHONKIRYAKU,6.9,44.42
1034,96,Apr,6,8,EST-from-WF(EIGA-MONOGATARI),8.6,47.48
1035,NA,NA,NA,NA,-,NA,NA
1036,104,Apr,13,4,NIHONKIRYAKU,6.3,43.34
1037,NA,NA,NA,NA,-,NA,NA
1038,NA,NA,NA,NA,-,NA,NA
1039,NA,NA,NA,NA,-,NA,NA
1040,NA,NA,NA,NA,-,NA,NA
1041,103,Apr,13,2,FUSO-RYAKKI,6.6,43.88
1042,NA,NA,NA,NA,-,NA,NA
1043,NA,NA,NA,NA,-,NA,NA
1044,NA,NA,NA,NA,-,NA,NA
1045,NA,NA,NA,NA,-,NA,NA
1046,103,Apr,13,1,EIGA-MONOGATARI(NEAWASE),6.6,43.88
1047,NA,NA,NA,NA,-,NA,NA
1048,112,Apr,21,3,IETSUNE-ASON-SHU,4.1,39.38
1049,NA,NA,NA,NA,-,NA,NA
1050,105,Apr,15,2,EIGA-MONOGATARI(NEAWASE),6,42.8
1051,NA,NA,NA,NA,-,NA,NA
1052,NA,NA,NA,NA,-,NA,NA
1053,NA,NA,NA,NA,-,NA,NA
1054,NA,NA,NA,NA,-,NA,NA
1055,NA,NA,NA,NA,-,NA,NA
1056,NA,NA,NA,NA,-,NA,NA
1057,NA,NA,NA,NA,-,NA,NA
1058,NA,NA,NA,NA,-,NA,NA
1059,NA,NA,NA,NA,-,NA,NA
1060,108,Apr,17,4,SHIN-SENZAI-WAKASHU,5.2,41.36
1061,92,Apr,2,4,MOROZANE-SHU,9.9,49.82
1062,NA,NA,NA,NA,-,NA,NA
1063,NA,NA,NA,NA,-,NA,NA
1064,NA,NA,NA,NA,-,NA,NA
1065,NA,NA,NA,NA,-,NA,NA
1066,105,Apr,15,2,SUISAKI,6,42.8
1067,NA,NA,NA,NA,-,NA,NA
1068,NA,NA,NA,NA,-,NA,NA
1069,NA,NA,NA,NA,-,NA,NA
1070,NA,NA,NA,NA,-,NA,NA
1071,113,Apr,23,2,SHUGAKKAIKI,3.8,38.84
1072,NA,NA,NA,NA,-,NA,NA
1073,103,Apr,13,2,EIGA-MONOGATARI(MATSUNO-SHIDUE),6.6,43.88
1074,NA,NA,NA,NA,-,NA,NA
1075,NA,NA,NA,NA,-,NA,NA
1076,NA,NA,NA,NA,-,NA,NA
1077,NA,NA,NA,NA,-,NA,NA
1078,NA,NA,NA,NA,-,NA,NA
1079,NA,NA,NA,NA,-,NA,NA
1080,102,Apr,11,2,SUISAKI,6.9,44.42
1081,NA,NA,NA,NA,-,NA,NA
1082,NA,NA,NA,NA,-,NA,NA
1083,96,Apr,6,1,GONIJO-MOROMICHIKI,8.6,47.48
1084,120,Apr,29,4,ZOKU-GOSEN-WAKASHU,2,35.6
1085,NA,NA,NA,NA,-,NA,NA
1086,NA,NA,NA,NA,-,NA,NA
1087,NA,NA,NA,NA,-,NA,NA
1088,104,Apr,13,2,GONIJO-MOROMICHIKI,6.3,43.34
1089,NA,NA,NA,NA,-,NA,NA
1090,105,Apr,15,2,GONIJO-MOROMICHIKI,6,42.8
1091,NA,NA,NA,NA,-,NA,NA
1092,NA,NA,NA,NA,-,NA,NA
1093,105,Apr,15,2,GONIJO-MOROMICHIKI,6,42.8
1094,NA,NA,NA,NA,-,NA,NA
1095,100,Apr,10,4,CHUYUKI,7.4,45.32
1096,96,Apr,5,2,GONIJO-MOROMICHIKI,8.6,47.48
1097,NA,NA,NA,NA,-,NA,NA
1098,100,Apr,10,2,CHUYUKI,7.4,45.32
1099,103,Apr,13,1,GONIJO-MOROMICHIKI,6.6,43.88
1100,NA,NA,NA,NA,-,NA,NA
1101,NA,NA,NA,NA,-,NA,NA
1102,104,Apr,14,3,CHUYUKI,6.3,43.34
1103,NA,NA,NA,NA,-,NA,NA
1104,108,Apr,17,2,DENRYAKU,5.2,41.36
1105,114,Apr,24,2,CHUYUKI,3.5,38.3
1106,NA,NA,NA,NA,-,NA,NA
1107,105,Apr,15,2,CHUYUKI,6,42.8
1108,NA,NA,NA,NA,-,NA,NA
1109,NA,NA,NA,NA,-,NA,NA
1110,NA,NA,NA,NA,-,NA,NA
1111,113,Apr,23,2,EISHOKI,3.8,38.84
1112,104,Apr,13,1,CHUYUKI,6.3,43.34
1113,NA,NA,NA,NA,-,NA,NA
1114,100,Apr,10,2,DENRYAKU,7.4,45.32
1115,NA,NA,NA,NA,-,NA,NA
1116,NA,NA,NA,NA,-,NA,NA
1117,109,Apr,19,2,DENRYAKU,4.9,40.82
1118,102,Apr,12,2,MISSHU-KETSUMYAKUSHO,6.9,44.42
1119,NA,NA,NA,NA,-,NA,NA
1120,104,Apr,13,2,DAIGO-ZOJIKI,6.3,43.34
1121,NA,NA,NA,NA,-,NA,NA
1122,NA,NA,NA,NA,-,NA,NA
1123,112,Apr,22,2,DAIGO-ZOJIKI,4.1,39.38
1124,98,Apr,7,2,DAIGO-ZOJIKI,8,46.4
1125,111,Apr,21,2,DAIGOJI-ZATSUYO,4.3,39.74
1126,108,Apr,18,2,DAIGOJI-ZATSUYO,5.2,41.36
1127,107,Apr,17,2,DAIGO-ZOJIKI,5.4,41.72
1128,111,Apr,20,2,DAIGO-ZOJIKI,4.3,39.74
1129,106,Apr,16,2,DAIGO-ZOJIKI,5.7,42.26
1130,103,Apr,13,2,DAIGO-ZOJIKI,6.6,43.88
1131,103,Apr,13,2,DAIGOJI-ZATSUYO,6.6,43.88
1132,NA,NA,NA,NA,-,NA,NA
1133,NA,NA,NA,NA,-,NA,NA
1134,106,Apr,16,2,DAIGOJI-ZATSUYO,5.7,42.26
1135,NA,NA,NA,NA,-,NA,NA
1136,NA,NA,NA,NA,-,NA,NA
1137,NA,NA,NA,NA,-,NA,NA
1138,NA,NA,NA,NA,-,NA,NA
1139,113,Apr,23,2,DAIGOJI-ZATSUYO,3.8,38.84
1140,103,Apr,12,2,DAIGO-ZOJIKI,6.6,43.88
1141,111,Apr,21,2,DAIGOJI-ZATSUYO,4.3,39.74
1142,NA,NA,NA,NA,-,NA,NA
1143,110,Apr,20,2,DAIGOJI-ZATSUYO,4.6,40.28
1144,NA,NA,NA,NA,-,NA,NA
1145,107,Apr,17,2,TAIKI,5.4,41.72
1146,NA,NA,NA,NA,-,NA,NA
1147,NA,NA,NA,NA,-,NA,NA
1148,NA,NA,NA,NA,-,NA,NA
1149,NA,NA,NA,NA,-,NA,NA
1150,NA,NA,NA,NA,-,NA,NA
1151,109,Apr,19,8,EST-from-WF(HONCHO-SEIKI),4.9,40.82
1152,NA,NA,NA,NA,-,NA,NA
1153,NA,NA,NA,NA,-,NA,NA
1154,96,Apr,6,2,TAIKI,8.6,47.48
1155,NA,NA,NA,NA,-,NA,NA
1156,90,Mar,30,2,NA,10.5,50.9
1157,NA,NA,NA,NA,-,NA,NA
1158,NA,NA,NA,NA,-,NA,NA
1159,103,Apr,13,2,DAIGOJI-ZATSUYO,6.6,43.88
1160,NA,NA,NA,NA,-,NA,NA
1161,112,Apr,22,2,DAIGOJI-ZATSUYO,4.1,39.38
1162,NA,NA,NA,NA,-,NA,NA
1163,112,Apr,22,2,DAIGOJI-ZATSUYO,4.1,39.38
1164,100,Apr,9,2,DAIGOJI-ZATSUYO,7.4,45.32
1165,106,Apr,16,2,DAIGOJI-ZATSUYO,5.7,42.26
1166,95,Apr,5,2,DAIGOJI-ZATSUYO,8.9,48.02
1167,111,Apr,21,2,DAIGOJI-ZATSUYO,4.3,39.74
1168,NA,NA,NA,NA,-,NA,NA
1169,112,Apr,22,2,DAIGOJI-ZATSUYO,4.1,39.38
1170,113,Apr,23,2,DAIGOJI-ZATSUYO,3.8,38.84
1171,NA,NA,NA,NA,-,NA,NA
1172,103,Apr,12,2,DAIGOJI-ZATSUYO,6.6,43.88
1173,117,Apr,27,2,DAIGOJI-ZATSUYO,2.7,36.86
1174,112,Apr,22,2,DAIGOJI-ZATSUYO,4.1,39.38
1175,113,Apr,23,2,DAIGOJI-ZATSUYO,3.8,38.84
1176,113,Apr,22,2,TAKAKURAIN-ANGEN-ONGAKI,3.8,38.84
1177,NA,NA,NA,NA,-,NA,NA
1178,NA,NA,NA,NA,-,NA,NA
1179,103,Apr,13,2,SANKAIKI,6.6,43.88
1180,98,Apr,7,1,MEIGETSUKI,8,46.4
1181,NA,NA,NA,NA,-,NA,NA
1182,104,Apr,14,4,TSUKIMOUDE-WAKASHU(PART-3),6.3,43.34
1183,101,Apr,11,2,DAIGOJI-ZATSUYO,7.2,44.96
1184,115,Apr,24,1,GYOKUYO,3.2,37.76
1185,115,Apr,25,2,DAIGO-ZOJIKI,3.2,37.76
1186,NA,NA,NA,NA,-,NA,NA
1187,104,Apr,14,2,SAKURAE-RUIJU,6.3,43.34
1188,107,Apr,16,2,SAKURAE-RUIJU,5.4,41.72
1189,NA,NA,NA,NA,-,NA,NA
1190,112,Apr,22,4,SHUGYOKU-SHU,4.1,39.38
1191,106,Apr,16,2,GYOKUYO,5.7,42.26
1192,NA,NA,NA,NA,-,NA,NA
1193,NA,NA,NA,NA,-,NA,NA
1194,119,Apr,29,2,NAKASUKEOKI,2.2,35.96
1195,NA,NA,NA,NA,-,NA,NA
1196,NA,NA,NA,NA,-,NA,NA
1197,NA,NA,NA,NA,-,NA,NA
1198,NA,NA,NA,NA,-,NA,NA
1199,109,Apr,19,1,INOKUMA-KAMPAKUKI,4.9,40.82
1200,104,Apr,13,1,INOKUMA-KAMPAKUKI,6.3,43.34
1201,96,Apr,6,4,INOKUMA-KAMPAKUKI,8.6,47.48
1202,106,Apr,16,1,MEIGETSUKI,5.7,42.26
1203,105,Apr,15,2,(SHIRYO-SORAN),6,42.8
1204,110,Apr,19,2,MEIGETSUKI,4.6,40.28
1205,105,Apr,15,2,MEIGETSUKI,6,42.8
1206,NA,NA,NA,NA,-,NA,NA
1207,104,Apr,14,2,MEIGETSUKI,6.3,43.34
1208,NA,NA,NA,NA,-,NA,NA
1209,NA,NA,NA,NA,-,NA,NA
1210,112,Apr,22,2,ASUKAI-SHU,4.1,39.38
1211,NA,NA,NA,NA,-,NA,NA
1212,98,Apr,7,2,GYOKUSOU,8,46.4
1213,107,Apr,17,2,SHIKIN-WAKASO,5.4,41.72
1214,102,Apr,12,2,(SHIRYO-SORAN),6.9,44.42
1215,108,Apr,18,2,MICHIIEKO-MARINIKKI,5.2,41.36
1216,101,Apr,10,4,JUNTOKUIN-GYOSHU,7.2,44.96
1217,NA,NA,NA,NA,-,NA,NA
1218,NA,NA,NA,NA,-,NA,NA
1219,101,Apr,11,4,JUNTOKUIN-GYOSHU,7.2,44.96
1220,109,Apr,18,9,EST-from-KJ(NORIMUNE-SHU),4.9,40.82
1221,99,Apr,9,4,SHUI-GUSO,7.7,45.86
1222,NA,NA,NA,NA,-,NA,NA
1223,116,Apr,26,4,MITSUTSUNE-SHU,3,37.4
1224,NA,NA,NA,NA,-,NA,NA
1225,105,Apr,15,1,MEIGETSUKI,6,42.8
1226,106,Apr,16,2,MEIGETSUKI,5.7,42.26
1227,111,Apr,21,2,MEIGETSUKI,4.3,39.74
1228,NA,NA,NA,NA,-,NA,NA
1229,97,Apr,7,2,MEIGETSUKI,8.3,46.94
1230,102,Apr,12,1,MEIGETSUKI,6.9,44.42
1231,101,Apr,11,1,MINKEIKI,7.2,44.96
1232,92,Apr,1,1,MINKEIKI,9.9,49.82
1233,105,Apr,15,2,MEIGETSUKI,6,42.8
1234,NA,NA,NA,NA,-,NA,NA
1235,110,Apr,20,1,MEIGETSUKI,4.6,40.28
1236,87,Mar,27,4,SHIIBA-WAKASHU,11.5,52.7
1237,NA,NA,NA,NA,-,NA,NA
1238,NA,NA,NA,NA,-,NA,NA
1239,NA,NA,NA,NA,-,NA,NA
1240,106,Apr,15,2,SAMPOIN-MONJO,5.7,42.26
1241,NA,NA,NA,NA,-,NA,NA
1242,NA,NA,NA,NA,-,NA,NA
1243,NA,NA,NA,NA,-,NA,NA
1244,108,Apr,17,2,HEIKOKI,5.2,41.36
1245,108,Apr,18,2,HEIKOKI,5.2,41.36
1246,98,Apr,8,1,MASUKAGAMI,8,46.4
1247,106,Apr,16,2,ZOKU-HONCHOTSUKAN,5.7,42.26
1248,NA,NA,NA,NA,-,NA,NA
1249,108,Apr,18,2,BENN-NO-NAISHI-NIKKI,5.2,41.36
1250,116,Apr,26,1,BENN-NO-NAISHI-NIKKI,3,37.4
1251,100,Apr,10,1,BENN-NO-NAISHI-NIKKI,7.4,45.32
1252,NA,NA,NA,NA,-,NA,NA
1253,NA,NA,NA,NA,-,NA,NA
1254,110,Apr,20,2,SAKURAE-RUIJU,4.6,40.28
1255,NA,NA,NA,NA,-,NA,NA
1256,NA,NA,NA,NA,-,NA,NA
1257,94,Apr,4,2,TSUNETOSHI-KYOKI,9.3,48.74
1258,NA,NA,NA,NA,-,NA,NA
1259,96,Apr,6,1,MASUKAGAMI,8.6,47.48
1260,NA,NA,NA,NA,-,NA,NA
1261,NA,NA,NA,NA,-,NA,NA
1262,97,Apr,7,9,EST-from-KJ(KUJOKE-REKISEI-KIROKU),8.3,46.94
1263,120,Apr,30,2,ZOKU-HONCHOTSUKAN,2,35.6
1264,103,Apr,12,2,ZOKU-SHIGUSHO,6.6,43.88
1265,98,Apr,8,4,TAMEIE-SHU,8,46.4
1266,NA,NA,NA,NA,-,NA,NA
1267,105,Apr,15,2,MISININ-KAMPAKUKI,6,42.8
1268,103,Apr,12,4,TAMEIE-SHU,6.6,43.88
1269,100,Apr,10,4,ZOKU-SHIGUSHO,7.4,45.32
1270,NA,NA,NA,NA,-,NA,NA
1271,100,Apr,10,4,DAINAGON-TAMEIE-SHU,7.4,45.32
1272,NA,NA,NA,NA,-,NA,NA
1273,NA,NA,NA,NA,-,NA,NA
1274,NA,NA,NA,NA,-,NA,NA
1275,107,Apr,17,3,TOWAZUGATARI,5.4,41.72
1276,NA,NA,NA,NA,-,NA,NA
1277,NA,NA,NA,NA,-,NA,NA
1278,113,Apr,23,2,ZOKU-SHIGUSHO(DAIGO),3.8,38.84
1279,101,Apr,11,2,KANCHUKI,7.2,44.96
1280,102,Apr,11,2,HARUNO-MIYAMAJI,6.9,44.42
1281,NA,NA,NA,NA,-,NA,NA
1282,NA,NA,NA,NA,-,NA,NA
1283,103,Apr,13,2,(SHIRYO-SORAN),6.6,43.88
1284,102,Apr,11,1,NAKANOTSUKASA-NIKKI,6.9,44.42
1285,105,Apr,15,2,ZOKU-HONCHOTSUKAN,6,42.8
1286,112,Apr,22,2,ZOKU-SHIGUSHO,4.1,39.38
1287,110,Apr,20,2,SANEMI-KYOKI,4.6,40.28
1288,108,Apr,17,2,NAKANOTSUKASA-NIKKI,5.2,41.36
1289,107,Apr,17,4,NAKANOTSUKASA-NIKKI,5.4,41.72
1290,NA,NA,NA,NA,-,NA,NA
1291,NA,NA,NA,NA,-,NA,NA
1292,107,Apr,16,2,SANEMI-KYOKI,5.4,41.72
1293,NA,NA,NA,NA,-,NA,NA
1294,101,Apr,11,2,KANCHUKI,7.2,44.96
1295,102,Apr,12,2,(DAINIHON-SHIRYO),6.9,44.42
1296,NA,NA,NA,NA,-,NA,NA
1297,NA,NA,NA,NA,-,NA,NA
1298,NA,NA,NA,NA,-,NA,NA
1299,NA,NA,NA,NA,-,NA,NA
1300,NA,NA,NA,NA,-,NA,NA
1301,95,Apr,5,4,SANEMI-KYOKI,8.9,48.02
1302,96,Apr,6,2,ZOKU-SHIGUSHO,8.6,47.48
1303,NA,NA,NA,NA,-,NA,NA
1304,NA,NA,NA,NA,-,NA,NA
1305,NA,NA,NA,NA,-,NA,NA
1306,NA,NA,NA,NA,-,NA,NA
1307,104,Apr,14,2,ZOKU-SHIGUSHO,6.3,43.34
1308,NA,NA,NA,NA,-,NA,NA
1309,NA,NA,NA,NA,-,NA,NA
1310,NA,NA,NA,NA,-,NA,NA
1311,94,Apr,4,2,ENTAIRYAKU,9.3,48.74
1312,100,Apr,9,2,HANAZONOTENNO-SHINKI,7.4,45.32
1313,NA,NA,NA,NA,-,NA,NA
1314,101,Apr,11,2,HANAZONOTENNO-SHINKI,7.2,44.96
1315,111,Apr,21,2,ZOKU-SHIGUSHO,4.3,39.74
1316,103,Apr,12,2,ZOKU-SHIGUSHO,6.6,43.88
1317,102,Apr,12,2,HANAZONOTENNO-SHINKI,6.9,44.42
1318,NA,NA,NA,NA,-,NA,NA
1319,116,Apr,26,2,HANAZONOTENNO-SHINKI,3,37.4
1320,NA,NA,NA,NA,-,NA,NA
1321,102,Apr,12,2,HANAZONOTENNO-SHINKI,6.9,44.42
1322,106,Apr,16,2,HANAZONOTENNO-SHINKI,5.7,42.26
1323,124,May,4,2,HANAZONOTENNO-SHINKI,1,33.8
1324,98,Apr,7,4,HANAZONOTENNO-SHINKI,8,46.4
1325,NA,NA,NA,NA,-,NA,NA
1326,107,Apr,17,2,ZOKU-SHIGUSHO,5.4,41.72
1327,NA,NA,NA,NA,-,NA,NA
1328,NA,NA,NA,NA,-,NA,NA
1329,112,Apr,22,9,EST-from-KJ(SHOKA-WAKASHU),4.1,39.38
1330,108,Apr,18,4,RINEI-WAKASHU,5.2,41.36
1331,112,Apr,22,2,ZOKU-SHIGUSHO,4.1,39.38
1332,115,Apr,24,2,ZOKU-HONCHOTSUKAN,3.2,37.76
1333,NA,NA,NA,NA,-,NA,NA
1334,NA,NA,NA,NA,-,NA,NA
1335,NA,NA,NA,NA,-,NA,NA
1336,NA,NA,NA,NA,-,NA,NA
1337,NA,NA,NA,NA,-,NA,NA
1338,NA,NA,NA,NA,-,NA,NA
1339,NA,NA,NA,NA,-,NA,NA
1340,NA,NA,NA,NA,-,NA,NA
1341,NA,NA,NA,NA,-,NA,NA
1342,110,Apr,20,2,MICHIFUYU-KYOKI,4.6,40.28
1343,NA,NA,NA,NA,-,NA,NA
1344,102,Apr,11,2,ZOKU-SHIGUSHO,6.9,44.42
1345,NA,NA,NA,NA,-,NA,NA
1346,107,Apr,17,2,ENTAIRYAKU,5.4,41.72
1347,109,Apr,19,2,MOROMORIKI,4.9,40.82
1348,NA,NA,NA,NA,-,NA,NA
1349,112,Apr,22,2,ZOKU-SHIGUSHO,4.1,39.38
1350,101,Apr,11,2,(SHIRYO-SORAN),7.2,44.96
1351,115,Apr,25,2,(SHIRYO-SORAN),3.2,37.76
1352,NA,NA,NA,NA,-,NA,NA
1353,NA,NA,NA,NA,-,NA,NA
1354,NA,NA,NA,NA,-,NA,NA
1355,NA,NA,NA,NA,-,NA,NA
1356,117,Apr,26,2,MOROMORIKI,2.7,36.86
1357,107,Apr,17,2,ENTAIRYAKU,5.4,41.72
1358,110,Apr,20,2,GUKANKI,4.6,40.28
1359,105,Apr,15,2,GUKANKI,6,42.8
1360,101,Apr,10,2,GUKANKI,7.2,44.96
1361,108,Apr,18,2,GUKANKI,5.2,41.36
1362,NA,NA,NA,NA,-,NA,NA
1363,107,Apr,17,2,MOROMORIKI,5.4,41.72
1364,110,Apr,19,2,MOROMORIKI,4.6,40.28
1365,NA,NA,NA,NA,-,NA,NA
1366,112,Apr,22,2,ZOKU-HONCHOTSUKAN,4.1,39.38
1367,97,Apr,7,2,GUKANKI,8.3,46.94
1368,88,Mar,28,1,GUKANKI,11.2,52.16
1369,94,Apr,4,2,GOGUMAISHO,9.3,48.74
1370,109,Apr,19,2,GOGUMAISHO,4.9,40.82
1371,NA,NA,NA,NA,-,NA,NA
1372,102,Apr,11,8,EST-from-WF(GUKANKI),6.9,44.42
1373,110,Apr,20,2,GUKANKI,4.6,40.28
1374,NA,NA,NA,NA,-,NA,NA
1375,103,Apr,13,2,GUKANKI,6.6,43.88
1376,99,Apr,8,2,GUKANKI,7.7,45.86
1377,105,Apr,15,1,KUJO-TADAMOTO-NIKKI,6,42.8
1378,104,Apr,14,2,(SHIRYO-SORAN),6.3,43.34
1379,103,Apr,13,1,GUKANKI,6.6,43.88
1380,102,Apr,11,8,EST-from-WF(ZOKU-SHIGUSHO),6.9,44.42
1381,108,Apr,18,2,EITOKU-GANNEN-GYOKO-SHIIKA,5.2,41.36
1382,105,Apr,15,2,KUGE-NICHIYO-KUFU-RYAKUSHU,6,42.8
1383,102,Apr,12,1,KUGE-NICHIYO-KUFU-RYAKUSHU,6.9,44.42
1384,98,Apr,7,2,KUGE-NICHIYO-KUFU-RYAKUSHU,8,46.4
1385,99,Apr,9,2,ATOKAGAMI,7.7,45.86
1386,105,Apr,15,2,ATOKAGAMI,6,42.8
1387,100,Apr,10,2,SANEFUYU-KOKI,7.4,45.32
1388,99,Apr,8,1,KANENOBU-KOKI,7.7,45.86
1389,NA,NA,NA,NA,-,NA,NA
1390,NA,NA,NA,NA,-,NA,NA
1391,NA,NA,NA,NA,-,NA,NA
1392,NA,NA,NA,NA,-,NA,NA
1393,NA,NA,NA,NA,-,NA,NA
1394,NA,NA,NA,NA,-,NA,NA
1395,NA,NA,NA,NA,-,NA,NA
1396,NA,NA,NA,NA,-,NA,NA
1397,NA,NA,NA,NA,-,NA,NA
1398,106,Apr,16,2,GEIYOKI,5.7,42.26
1399,NA,NA,NA,NA,-,NA,NA
1400,NA,NA,NA,NA,-,NA,NA
1401,101,Apr,11,2,ATOKAGAMI,7.2,44.96
1402,103,Apr,13,2,YOSHIDAKE-HINAMIKI,6.6,43.88
1403,104,Apr,14,2,YOSHIDAKE-HINAMIKI,6.3,43.34
1404,NA,NA,NA,NA,-,NA,NA
1405,NA,NA,NA,NA,-,NA,NA
1406,102,Apr,12,2,(SHIRYO-SORAN),6.9,44.42
1407,101,Apr,11,2,(SHIRYO-SORAN),7.2,44.96
1408,111,Apr,20,2,ZOKU-HONCHOTSUKAN,4.3,39.74
1409,86,Mar,27,2,(DAINIHON-SHIRYO),11.8,53.24
1410,102,Apr,12,2,NORITOKI-KYOKI,6.9,44.42
1411,NA,NA,NA,NA,-,NA,NA
1412,93,Apr,2,2,(DAINIHON-SHIRYO),9.6,49.28
1413,91,Apr,1,2,ATOKAGAMI,10.2,50.36
1414,NA,NA,NA,NA,-,NA,NA
1415,105,Apr,15,2,(DAINIHON-SHIRYO),6,42.8
1416,101,Apr,10,1,KANMON-GYOKI(FUSHIMI),7.2,44.96
1417,109,Apr,19,2,(DAINIHON-SHIRYO),4.9,40.82
1418,98,Apr,8,2,KANMON-GYOKI,8,46.4
1419,100,Apr,10,2,KANMON-GYOKI(FUSHIMI),7.4,45.32
1420,112,Apr,21,2,KANMON-GYOKI(FUSHIMI),4.1,39.38
1421,99,Apr,9,1,KANMON-GYOKI(FUSHIMI),7.7,45.86
1422,109,Apr,19,2,YASUTOMIKI,4.9,40.82
1423,96,Apr,6,1,KANMON-GYOKI(FUSHIMI),8.6,47.48
1424,103,Apr,12,2,KANMON-GYOKI(FUSHIMI),6.6,43.88
1425,98,Apr,8,1,KANMON-GYOKI(FUSHIMI),8,46.4
1426,99,Apr,9,2,MANZAIJUNGO-NIKKI(DAIGO),7.7,45.86
1427,102,Apr,12,1,MANZAIJUNGO-NIKKI(DAIGO),6.9,44.42
1428,NA,NA,NA,NA,-,NA,NA
1429,98,Apr,8,1,MANZAIJUNGO-NIKKI(DAIGO),8,46.4
1430,108,Apr,18,2,MANZAIJUNGO-NIKKI(DAIGO),5.2,41.36
1431,102,Apr,12,2,MANZAIJUNGO-NIKKI(DAIGO),6.9,44.42
1432,104,Apr,13,2,MANZAIJUNGO-NIKKI(DAIGO),6.3,43.34
1433,98,Apr,8,2,MANZAIJUNGO-NIKKI(DAIGO),8,46.4
1434,113,Apr,23,1,MANZAIJUNGO-NIKKI(DAIGO),3.8,38.84
1435,95,Apr,5,1,KANMON-GYOKI(FUSHIMI),8.9,48.02
1436,101,Apr,10,2,KANMON-GYOKI(FUSHIMI),7.2,44.96
1437,103,Apr,13,1,KANMON-GYOKI,6.6,43.88
1438,99,Apr,9,2,INRYOGEN-NICHIROKU,7.7,45.86
1439,101,Apr,11,2,INRYOGEN-NICHIROKU,7.2,44.96
1440,98,Apr,7,2,MOROSATOKI,8,46.4
1441,105,Apr,15,2,INRYOGEN-NICHIROKU,6,42.8
1442,NA,NA,NA,NA,-,NA,NA
1443,107,Apr,17,2,KANMON-GYOKI,5.4,41.72
1444,109,Apr,18,2,YASUTOMIKI,4.9,40.82
1445,NA,NA,NA,NA,-,NA,NA
1446,108,Apr,18,2,GYOUKO-HOIN-NIKKI,5.2,41.36
1447,111,Apr,21,4,SOKONSHU,4.3,39.74
1448,96,Apr,5,2,YASUTOMIKI,8.6,47.48
1449,95,Apr,5,2,ZOKU-HONCHOTSUKAN,8.9,48.02
1450,100,Apr,10,1,YASUTOMIKI,7.4,45.32
1451,103,Apr,13,1,YASUTOMIKI,6.6,43.88
1452,92,Apr,1,2,ZOKU-SHIGUSHO,9.9,49.82
1453,107,Apr,17,4,SOKONSHU,5.4,41.72
1454,105,Apr,15,4,SOKONSHU,6,42.8
1455,96,Apr,6,1,GAUN-NIKKENROKU-BATSUYU,8.6,47.48
1456,106,Apr,15,2,MOROSATOKI,5.7,42.26
1457,105,Apr,15,2,ZOKU-HONCHOTSUKAN,6,42.8
1458,112,Apr,22,2,INRYOGEN-NICHIROKU,4.1,39.38
1459,113,Apr,23,2,INRYOGEN-NICHIROKU,3.8,38.84
1460,111,Apr,20,2,INRYOGEN-NICHIROKU,4.3,39.74
1461,106,Apr,16,2,INRYOGEN-NICHIROKU,5.7,42.26
1462,106,Apr,16,2,INRYOGEN-NICHIROKU,5.7,42.26
1463,101,Apr,11,2,INRYOGEN-NICHIROKU,7.2,44.96
1464,104,Apr,13,2,INRYOGEN-NICHIROKU,6.3,43.34
1465,98,Apr,8,2,INRYOGEN-NICHIROKU,8,46.4
1466,105,Apr,15,2,INRYOGEN-NICHIROKU,6,42.8
1467,101,Apr,11,8,EST-from-WF(GOHOKOINKI),7.2,44.96
1468,101,Apr,10,1,HEKIZAN-NICHIROKU,7.2,44.96
1469,NA,NA,NA,NA,-,NA,NA
1470,NA,NA,NA,NA,-,NA,NA
1471,NA,NA,NA,NA,-,NA,NA
1472,114,Apr,23,2,CHIKANAGA-KYOKI,3.5,38.3
1473,NA,NA,NA,NA,-,NA,NA
1474,98,Apr,8,4,ENROKUCHOKASHU,8,46.4
1475,NA,NA,NA,NA,-,NA,NA
1476,100,Apr,9,2,SANETAKA-KOKI,7.4,45.32
1477,110,Apr,20,1,OYUDONONO-UENO-NIKKI,4.6,40.28
1478,115,Apr,25,1,SANETAKA-KOKI,3.2,37.76
1479,110,Apr,20,2,SANETAKA-KOKI,4.6,40.28
1480,104,Apr,13,3,OYUDONONO-UENO-NIKKI [EDA],6.3,43.34
1481,106,Apr,16,2,SANETAKA-KOKI,5.7,42.26
1482,108,Apr,18,1,OYUDONONO-UENO-NIKKI,5.2,41.36
1483,101,Apr,11,2,OYUDONONO-UENO-NIKKI,7.2,44.96
1484,97,Apr,6,2,OYUDONONO-UENO-NIKKI,8.3,46.94
1485,94,Apr,4,1,OYUDONONO-UENO-NIKKI,9.3,48.74
1486,99,Apr,9,1,OYUDONONO-UENO-NIKKI,7.7,45.86
1487,93,Apr,3,1,SANETAKA-KOKI,9.6,49.28
1488,103,Apr,12,1,OYUDONONO-UENO-NIKKI,6.6,43.88
1489,100,Apr,10,2,(SHIRYO-SHORAN),7.4,45.32
1490,97,Apr,7,1,INRYOGEN-NICHIROKU,8.3,46.94
1491,107,Apr,17,2,SANETAKA-KOKI,5.4,41.72
1492,108,Apr,17,2,OYUDONONO-UENO-NIKKI,5.2,41.36
1493,100,Apr,10,2,OYUDONONO-UENO-NIKKI,7.4,45.32
1494,106,Apr,16,2,OYUDONONO-UENO-NIKKI,5.7,42.26
1495,94,Apr,4,2,OYUDONONO-UENO-NIKKI,9.3,48.74
1496,97,Apr,6,2,OYUDONONO-UENO-NIKKI,8.3,46.94
1497,108,Apr,18,2,CHIKANAGA-KYOKI,5.2,41.36
1498,97,Apr,7,2,OYUDONONO-UENO-NIKKI,8.3,46.94
1499,111,Apr,21,2,OYUDONONO-UENO-NIKKI,4.3,39.74
1500,97,Apr,7,2,OYUDONONO-UENO-NIKKI,8.3,46.94
1501,103,Apr,13,2,SANETAKA-KOKI,6.6,43.88
1502,115,Apr,25,1,NOBUTANE-KYOKI,3.2,37.76
1503,108,Apr,18,2,SANETAKA-KOKI,5.2,41.36
1504,114,Apr,23,1,SANETAKA-KOKI,3.5,38.3
1505,106,Apr,16,2,NISUIKI,5.7,42.26
1506,106,Apr,16,1,MOTONAGA-KYOKI,5.7,42.26
1507,108,Apr,18,2,MOTONAGA-KYOKI,5.2,41.36
1508,111,Apr,20,2,SANETAKA-KOKI,4.3,39.74
1509,102,Apr,12,2,SANETAKA-KOKI,6.9,44.42
1510,110,Apr,20,2,SANETAKA-KOKI,4.6,40.28
1511,111,Apr,21,2,SANETAKA-KOKI,4.3,39.74
1512,109,Apr,18,2,SANETAKA-KOKI,4.9,40.82
1513,110,Apr,20,2,SANETAKA-KOKI,4.6,40.28
1514,105,Apr,15,2,MORIMITSU-KOKI,6,42.8
1515,111,Apr,21,2,SAISHOSO,4.3,39.74
1516,104,Apr,13,2,SAISHOSO,6.3,43.34
1517,106,Apr,16,2,NISUIKI,5.7,42.26
1518,115,Apr,25,1,NISUIKI,3.2,37.76
1519,111,Apr,21,2,NISUIKI,4.3,39.74
1520,105,Apr,14,2,NISUIKI,6,42.8
1521,107,Apr,17,1,NISUIKI,5.4,41.72
1522,103,Apr,13,2,NISUIKI,6.6,43.88
1523,109,Apr,19,2,SANETAKA-KOKI,4.9,40.82
1524,109,Apr,18,1,SANETAKA-KOKI,4.9,40.82
1525,104,Apr,14,2,NISUIKI,6.3,43.34
1526,113,Apr,23,2,NISUIKI,3.8,38.84
1527,105,Apr,15,2,NISUIKI,6,42.8
1528,106,Apr,15,2,NISUIKI,5.7,42.26
1529,107,Apr,17,2,SANETAKA-KOKI,5.4,41.72
1530,107,Apr,17,2,NISUIKI,5.4,41.72
1531,103,Apr,13,2,NISUIKI,6.6,43.88
1532,108,Apr,17,2,SANETAKA-KOKI,5.2,41.36
1533,111,Apr,21,3,OYUDONONO-UENO-NIKKI [EDA],4.3,39.74
1534,108,Apr,18,4,GONARAIN-GYOSEI-BASSHO,5.2,41.36
1535,95,Apr,5,1,GONARAIN-SHINNKI,8.9,48.02
1536,108,Apr,17,3,OYUDONONO-UENO-NIKKI [EDA],5.2,41.36
1537,108,Apr,18,3,OYUDONONO-UENO-NIKKI [EDA],5.2,41.36
1538,112,Apr,22,2,NINAGAWA-CHIKATOSHI-NIKKI,4.1,39.38
1539,120,Apr,30,3,OYUDONONO-UENO-NIKKI [EDA],2,35.6
1540,122,May,1,3,OYUDONONO-UENO-NIKKI [EDA],1.5,34.7
1541,109,Apr,19,3,OYUDONONO-UENO-NIKKI [EDA],4.9,40.82
1542,102,Apr,12,1,TOKITSUGU-KYOKI,6.9,44.42
1543,119,Apr,29,3,OYUDONONO-UENO-NIKKI [EDA],2.2,35.96
1544,107,Apr,16,2,TOKITSUGU-KYOKI,5.4,41.72
1545,97,Apr,7,3,OYUDONONO-UENO-NIKKI [EDA],8.3,46.94
1546,112,Apr,22,2,TOKITSUGU-KYOKI,4.1,39.38
1547,104,Apr,14,3,OYUDONONO-UENO-NIKKI [EDA],6.3,43.34
1548,118,Apr,27,2,TOKITSUGU-KYOKI,2.5,36.5
1549,117,Apr,27,3,(SHIRYO-SORAN),2.7,36.86
1550,111,Apr,21,2,TOKITSUGU-KYOKI,4.3,39.74
1551,109,Apr,19,3,OYUDONONO-UENO-NIKKI [EDA],4.9,40.82
1552,104,Apr,13,2,TOKITSUGU-KYOKI,6.3,43.34
1553,119,Apr,29,3,OYUDONONO-UENO-NIKKI [EDA],2.2,35.96
1554,NA,NA,NA,NA,-,NA,NA
1555,101,Apr,11,2,OYUDONONO-UENO-NIKKI,7.2,44.96
1556,120,Apr,29,3,OYUDONONO-UENO-NIKKI [EDA],2,35.6
1557,93,Apr,3,2,TOKITSUGU-KYOKI,9.6,49.28
1558,111,Apr,21,3,OYUDONONO-UENO-NIKKI [EDA],4.3,39.74
1559,96,Apr,6,2,OYUDONONO-UENO-NIKKI,8.6,47.48
1560,100,Apr,9,2,DAINIHON-SHIRYO,7.4,45.32
1561,102,Apr,12,2,OYUDONONO-UENO-NIKKI,6.9,44.42
1562,99,Apr,9,2,OYUDONONO-UENO-NIKKI [EDA],7.7,45.86
1563,99,Apr,9,2,(SHIRYO-SORAN),7.7,45.86
1564,109,Apr,18,2,OYUDONONO-UENO-NIKKI,4.9,40.82
1565,114,Apr,24,2,(SHIRYO-SORAN),3.5,38.3
1566,97,Apr,7,2,(SHIRYO-SORAN),8.3,46.94
1567,108,Apr,18,2,OYUDONONO-UENO-NIKKI,5.2,41.36
1568,106,Apr,15,2,ATOKAGAMI,5.7,42.26
1569,NA,NA,NA,NA,-,NA,NA
1570,112,Apr,22,1,TOKITSUGU-KYOKI,4.1,39.38
1571,108,Apr,18,3,OYUDONONO-UENO-NIKKI [EDA],5.2,41.36
1572,107,Apr,16,3,OYUDONONO-UENO-NIKKI [EDA],5.4,41.72
1573,NA,NA,NA,NA,-,NA,NA
1574,98,Apr,8,8,EST-from-WF(MASAATSUKYO-EISO),8,46.4
1575,NA,NA,NA,NA,-,NA,NA
1576,109,Apr,18,3,OYUDONONO-UENO-NIKKI [EDA],4.9,40.82
1577,100,Apr,10,1,SHINCHO-KOKI,7.4,45.32
1578,NA,NA,NA,NA,-,NA,NA
1579,102,Apr,12,2,DAINIHON-SHIRYO,6.9,44.42
1580,97,Apr,6,2,DAINIHON-SHIRYO,8.3,46.94
1581,105,Apr,15,3,OYUDONONO-UENO-NIKKI [EDA],6,42.8
1582,NA,NA,NA,NA,-,NA,NA
1583,108,Apr,18,1,OYUDONONO-UENO-NIKKI,5.2,41.36
1584,106,Apr,15,2,SHUNKYUKI(DAIGO),5.7,42.26
1585,105,Apr,15,2,UNONOMONDOKI,6,42.8
1586,106,Apr,16,2,OYUDONONO-UENO-NIKKI,5.7,42.26
1587,105,Apr,15,3,OYUDONONO-UENO-NIKKI,6,42.8
1588,106,Apr,15,2,NA,5.7,42.26
1589,105,Apr,15,2,OYUDONONO-UENO-NIKKI,6,42.8
1590,102,Apr,12,2,(SHIRYO-SORAN),6.9,44.42
1591,94,Apr,4,2,HARETOYOKI,9.3,48.74
1592,98,Apr,7,4,TOKITSUNE-KYOKI,8,46.4
1593,113,Apr,23,2,TOKITSUNE-KYOKI(DAIGO),3.8,38.84
1594,93,Apr,3,2,(DAINIHON-SHIRYO(FUSHIMI)),9.6,49.28
1595,111,Apr,21,3,OYUDONONO-UENO-NIKKI,4.3,39.74
1596,104,Apr,13,2,GIENJUNKO-NIKKI(DAIGO),6.3,43.34
1597,114,Apr,24,2,GIENJUNKO-NIKKI(DAIGO),3.5,38.3
1598,110,Apr,20,2,GIENJUNKO-NIKKI(DAIGO),4.6,40.28
1599,103,Apr,13,2,GIENJUNKO-NIKKI(DAIGO),6.6,43.88
1600,101,Apr,10,2,GIENJUNKO-NIKKI(DAIGO),7.2,44.96
1601,93,Apr,3,1,GIENJUNKO-NIKKI(DAIGO),9.6,49.28
1602,107,Apr,17,1,GIENJUNKO-NIKKI(DAIGO),5.4,41.72
1603,99,Apr,9,1,GIENJUNKO-NIKKI(DAIGO),7.7,45.86
1604,95,Apr,4,1,GIENJUNKO-NIKKI(DAIGO),8.9,48.02
1605,105,Apr,15,1,TOKIYOSHI-KYOKI,6,42.8
1606,106,Apr,16,2,TOKIYOSHI-KYOKI,5.7,42.26
1607,110,Apr,20,2,SHUNKYUKI(DAIGO),4.6,40.28
1608,NA,NA,NA,NA,-,NA,NA
1609,108,Apr,18,2,TOKIYOSHI-KYOKI,5.2,41.36
1610,110,Apr,20,2,KEICHO-NIKKENROKU,4.6,40.28
1611,NA,NA,NA,NA,-,NA,NA
1612,87,Mar,27,1,GIENJUNKO-NIKKI(DAIGO),11.5,52.7
1613,106,Apr,16,2,TOKIYOSHI-KYOKI,5.7,42.26
1614,103,Apr,13,1,TOKIYOSHI-KYOKI,6.6,43.88
1615,110,Apr,20,2,YASUSHIGE-KYOKI,4.6,40.28
1616,122,May,1,2,YASUSHIGE-KYOKI,1.5,34.7
1617,107,Apr,17,2,YASUSHIGE-KYOKI,5.4,41.72
1618,102,Apr,12,1,TOKIYOSHI-KYOKI,6.9,44.42
1619,93,Apr,3,2,(DAINIHON-SHIRYO),9.6,49.28
1620,NA,NA,NA,NA,-,NA,NA
1621,109,Apr,19,2,(DAINIHON-SHIRYO),4.9,40.82
1622,106,Apr,16,2,RYOGEN-IN-KI,5.7,42.26
1623,113,Apr,23,2,YASUSHIGE-KYOKI,3.8,38.84
1624,112,Apr,21,1,YASUSHIGE-KYOKI,4.1,39.38
1625,95,Apr,5,2,OYUDONONO-UENO-NIKKI,8.9,48.02
1626,100,Apr,10,2,(SHIRYO-SORAN),7.4,45.32
1627,NA,NA,NA,NA,-,NA,NA
1628,104,Apr,13,1,ROKUON-NICHIROKU,6.3,43.34
1629,112,Apr,22,1,YASUSHIGE-KYOKI,4.1,39.38
1630,NA,NA,NA,NA,-,NA,NA
1631,NA,NA,NA,NA,-,NA,NA
1632,104,Apr,13,1,TOKIYOSHI-KYOKI,6.3,43.34
1633,98,Apr,8,2,OUCHI-NIKKI,8,46.4
1634,96,Apr,6,2,MICHIFUSA-KOKI,8.6,47.48
1635,97,Apr,7,2,(SHIRYO-SORAN),8.3,46.94
1636,NA,NA,NA,NA,-,NA,NA
1637,105,Apr,15,2,TOKIYOSHI-KYOKI,6,42.8
1638,105,Apr,15,2,KAKUMEIKI,6,42.8
1639,108,Apr,18,2,KAKUMEIKI,5.2,41.36
1640,103,Apr,12,4,KYOHAKUSHU,6.6,43.88
1641,117,Apr,27,2,HIRAMATSUKE-HINAMI-SHIKI,2.7,36.86
1642,114,Apr,24,2,HIRAMATSUKE-HINAMI-SHIKI,3.5,38.3
1643,114,Apr,24,2,KAKUMEIKI,3.5,38.3
1644,105,Apr,14,2,HIRAMATSU-TOKIMORIKI,6,42.8
1645,99,Apr,9,2,HIRAMATSU-TOKIMORIKI,7.7,45.86
1646,87,Mar,28,2,SHOHO-2-NEN-IKO-NIKKI,11.5,52.7
1647,112,Apr,22,2,KAKUMEIKI,4.1,39.38
1648,NA,NA,NA,NA,-,NA,NA
1649,104,Apr,14,2,KAKUMEIKI,6.3,43.34
1650,102,Apr,12,2,KAKUMEIKI,6.9,44.42
1651,107,Apr,17,2,ZOKU-SHIGUSHO,5.4,41.72
1652,107,Apr,16,2,KAKUMEIKI,5.4,41.72
1653,112,Apr,22,2,KAKUMEIKI,4.1,39.38
1654,104,Apr,14,2,KAKUMEIKI,6.3,43.34
1655,104,Apr,14,2,ISHIKAWA-NIKKI,6.3,43.34
1656,103,Apr,12,1,ISHIKAWA-NIKKI,6.6,43.88
1657,NA,NA,NA,NA,-,NA,NA
1658,108,Apr,18,2,KAKUMEIKI,5.2,41.36
1659,NA,NA,NA,NA,-,NA,NA
1660,111,Apr,20,2,KAKUMEIKI,4.3,39.74
1661,93,Apr,3,4,BURUI-GENYO-WAKASHU,9.6,49.28
1662,110,Apr,20,1,KAKUMEIKI,4.6,40.28
1663,105,Apr,15,2,KAKUMEIKI,6,42.8
1664,105,Apr,14,2,KAKUMEIKI,6,42.8
1665,112,Apr,22,2,KAKUMEIKI,4.1,39.38
1666,108,Apr,18,2,KIMITOSHI-KYOKI,5.2,41.36
1667,112,Apr,22,2,HAMURO-YORINARI-KI,4.1,39.38
1668,110,Apr,19,2,GYOJO-HOSSINNO-NIKKI [TOYOKUNI],4.6,40.28
1669,104,Apr,14,2,HAMURO-YORINARI-KI,6.3,43.34
1670,102,Apr,12,1,GYOJO-HOSSINNO-NIKKI,6.9,44.42
1671,116,Apr,26,2,GYOJO-HOSSINNO-NIKKI [KINDAI],3,37.4
1672,112,Apr,21,1,GYOJO-HOSSINNO-NIKKI [SEIRYODEN],4.1,39.38
1673,105,Apr,15,1,MUJOHOINDONO-GONIKKI,6,42.8
1674,115,Apr,25,2,GYOJO-HOSSINNO-NIKKI,3.2,37.76
1675,111,Apr,21,1,GYOJO-HOSSINNO-NIKKI [TOJI],4.3,39.74
1676,103,Apr,12,2,GYOJO-HOSSINNO-NIKKI,6.6,43.88
1677,96,Apr,6,1,MUJOHOINDONO-GONIKKI,8.6,47.48
1678,109,Apr,19,1,GYOJO-HOSSINNO-NIKKI [HIGASHI-IWAKURA],4.9,40.82
1679,114,Apr,24,2,MUJOHOINDONO-GONIKKI,3.5,38.3
1680,109,Apr,18,1,GYOJO-HOSSINNO-NIKKI [KIYOMIZU-CHIONIN],4.9,40.82
1681,110,Apr,20,3,OYUDONONO-UENO-NIKKI [EDA],4.6,40.28
1682,104,Apr,14,1,GYOJO-HOSSINNO-NIKKI [HIGASHIYAMA],6.3,43.34
1683,108,Apr,18,2,ITO-JINSAI-NIKKI,5.2,41.36
1684,118,Apr,27,1,GYOJO-HOSSINNO-NIKKI [HIGASHIYAMA],2.5,36.5
1685,106,Apr,16,3,OYUDONONO-UENO-NIKKI [EDA],5.7,42.26
1686,104,Apr,14,1,GYOJO-HOSSINNO-NIKKI,6.3,43.34
1687,104,Apr,14,1,GYOJO-HOSSINNO-NIKKI [HIGASHIYAMA],6.3,43.34
1688,114,Apr,23,2,GYOJO-HOSSINNO-NIKKI,3.5,38.3
1689,97,Apr,7,1,GYOJO-HOSSINNO-NIKKI [KOSAKATEI],8.3,46.94
1690,93,Apr,3,2,GYOJO-HOSSINNO-NIKKI [KOSAKATEI],9.6,49.28
1691,103,Apr,13,2,GYOJO-HOSSINNO-NIKKI [HIGASHIYAMA],6.6,43.88
1692,109,Apr,18,2,GYOJO-HOSSINNO-NIKKI [CHIONIN],4.9,40.82
1693,107,Apr,17,2,GYOJO-HOSSINNO-NIKKI [HIGASHIYAMA],5.4,41.72
1694,109,Apr,19,2,MYOHOIN-HINAMIKI,4.9,40.82
1695,120,Apr,30,2,MYOHOIN-HINAMIKI,2,35.6
1696,114,Apr,23,1,MOTOKAZU-KYOKI,3.5,38.3
1697,111,Apr,21,2,SADAMOTO-KYOKI,4.3,39.74
1698,101,Apr,11,2,MOTOKAZU-KYOKI,7.2,44.96
1699,97,Apr,7,2,MOTOHIRO-KOKI,8.3,46.94
1700,116,Apr,26,2,CHIONIN-NICHIKAGAMI,3,37.4
1701,112,Apr,22,2,MOTOKAZU-KYOKI,4.1,39.38
1702,116,Apr,26,2,MOTOHIRO-KOKI,3,37.4
1703,103,Apr,13,1,MYOHOIN-HINAMIKI,6.6,43.88
1704,113,Apr,22,2,MYOHOIN-HINAMIKI,3.8,38.84
1705,109,Apr,19,1,MYOHOIN-HINAMIKI,4.9,40.82
1706,115,Apr,25,1,KANEKA-KYOKI,3.2,37.76
1707,111,Apr,21,1,MYOHOIN-HINAMIKI,4.3,39.74
1708,103,Apr,12,1,MOTOHIRO-KOKI,6.6,43.88
1709,106,Apr,16,2,MOTOHIRO-KOKI,5.7,42.26
1710,NA,NA,NA,NA,-,NA,NA
1711,NA,NA,NA,NA,-,NA,NA
1712,NA,NA,NA,NA,-,NA,NA
1713,104,Apr,14,1,MYOHOIN-HINAMIKI,6.3,43.34
1714,108,Apr,18,1,MYOHOIN-HINAMIKI,5.2,41.36
1715,107,Apr,17,2,CHIONIN-NICHIKAGAMI,5.4,41.72
1716,110,Apr,19,1,MYOHOIN-HINAMIKI,4.6,40.28
1717,98,Apr,8,1,MOTOHIRO-KOKI,8,46.4
1718,102,Apr,12,1,MOTOHIRO-KOKI,6.9,44.42
1719,102,Apr,12,1,MOTOHIRO-KOKI,6.9,44.42
1720,114,Apr,23,1,NAKANOIN-MICHIEDAKI,3.5,38.3
1721,95,Apr,5,1,MOTOHIRO-KOKI,8.9,48.02
1722,100,Apr,10,1,MOTOHIRO-KOKI,7.4,45.32
1723,104,Apr,14,1,KIMIAKI-KYOKI,6.3,43.34
1724,99,Apr,8,2,MYOHOIN-HINAMIKI,7.7,45.86
1725,106,Apr,16,2,MOTONAGA-KYOKI,5.7,42.26
1726,116,Apr,26,2,KAIKI,3,37.4
1727,112,Apr,22,2,KAIKI,4.1,39.38
1728,104,Apr,13,2,KAIKI,6.3,43.34
1729,105,Apr,15,1,MYOHOIN-HINAMIKI,6,42.8
1730,NA,NA,NA,NA,-,NA,NA
1731,104,Apr,14,2,MITSUTSUNA-KYOKI,6.3,43.34
1732,108,Apr,17,2,GYOKYO-HOSSINNO-NIKKI,5.2,41.36
1733,107,Apr,17,2,MYOHOIN-HINAMIKI,5.4,41.72
1734,102,Apr,12,2,MYOHOIN-HINAMIKI [ARASHIYAMA],6.9,44.42
1735,101,Apr,11,2,MYOHOIN-HINAMIKI,7.2,44.96
1736,106,Apr,15,1,MICHIE-KOKI,5.7,42.26
1737,93,Apr,3,2,MYOHOIN-HINAMIKI,9.6,49.28
1738,101,Apr,11,2,MYOHOIN-HINAMIKI,7.2,44.96
1739,110,Apr,20,2,MICHIE-KOKI,4.6,40.28
1740,115,Apr,24,2,MYOHOIN-HINAMIKI,3.2,37.76
1741,109,Apr,19,2,MYOHOIN-HINAMIKI,4.9,40.82
1742,109,Apr,19,2,MYOHOIN-HINAMIKI,4.9,40.82
1743,108,Apr,18,2,MYOHOIN-HINAMIKI,5.2,41.36
1744,98,Apr,7,1,MYOHOIN-HINAMIKI,8,46.4
1745,105,Apr,15,1,MICHIE-KOKI,6,42.8
1746,110,Apr,20,2,MICHIE-KOKI,4.6,40.28
1747,101,Apr,11,1,MICHIE-KOKI,7.2,44.96
1748,96,Apr,5,2,MYOHOIN-HINAMIKI,8.6,47.48
1749,100,Apr,10,1,MYOHOIN-HINAMIKI,7.4,45.32
1750,110,Apr,20,2,MYOHOIN-HINAMIKI,4.6,40.28
1751,103,Apr,13,2,NAKANOIN-MICHIEDAKI,6.6,43.88
1752,110,Apr,19,1,NAKANOIN-MICHIEDAKI,4.6,40.28
1753,96,Apr,6,1,NAKANOIN-MICHIEDAKI,8.6,47.48
1754,115,Apr,25,2,SADAYUKI-KYOKI,3.2,37.76
1755,120,Apr,30,1,SADAYUKI-KYOKI,2,35.6
1756,109,Apr,18,1,NORINAGA-ZAIKYO-NIKKI,4.9,40.82
1757,112,Apr,22,2,MYOHOIN-HINAMIKI,4.1,39.38
1758,101,Apr,11,2,MYOHOIN-HINAMIKI,7.2,44.96
1759,109,Apr,19,2,MYOHOIN-HINAMIKI,4.9,40.82
1760,103,Apr,12,2,MYOHOIN-HINAMIKI,6.6,43.88
1761,89,Mar,30,2,MYOHOIN-HINAMIKI,10.8,51.44
1762,106,Apr,16,2,MYOHOIN-HINAMIKI,5.7,42.26
1763,112,Apr,22,1,MYOHOIN-HINAMIKI,4.1,39.38
1764,98,Apr,7,2,GOSAKURAMACHI-TENNNOU-SHINKI,8,46.4
1765,106,Apr,16,2,GOSAKURAMACHI-TENNNOU-SHINKI,5.7,42.26
1766,113,Apr,23,2,GOSAKURAMACHI-TENNNOU-SHINKI,3.8,38.84
1767,101,Apr,11,2,GOSAKURAMACHI-TENNNOU-SHINKI,7.2,44.96
1768,117,Apr,26,1,SADAHARU-KYOKI,2.7,36.86
1769,105,Apr,15,2,YANAGIHARA-KOREMITSU-NIKKI,6,42.8
1770,105,Apr,15,2,(SHIRYO-KOHON),6,42.8
1771,104,Apr,14,2,(SHIRYO-KOHON),6.3,43.34
1772,106,Apr,15,2,GOSAKURAMACHI-TENNNOU-SHINKI,5.7,42.26
1773,100,Apr,10,2,ZOKU-SHIGUSHO,7.4,45.32
1774,110,Apr,20,2,GOSAKURAMACHI-TENNNOU-SHINKI,4.6,40.28
1775,99,Apr,9,2,GOMOMOZONO-TENNNOU-SHINKI,7.7,45.86
1776,108,Apr,17,2,TERUYOSHI-KOKI,5.2,41.36
1777,104,Apr,14,1,MORIYAMA-TAKAMORI-NIKKI,6.3,43.34
1778,111,Apr,21,3,TERUYOSHI-KOKI,4.3,39.74
1779,96,Apr,6,2,MYOHOIN-HINAMIKI,8.6,47.48
1780,109,Apr,18,2,TERUYOSHI-KOKI,4.9,40.82
1781,91,Apr,1,3,MYOHOIN-HINAMIKI,10.2,50.36
1782,109,Apr,19,2,TERUYOSHI-KOKI,4.9,40.82
1783,103,Apr,13,1,SUGIURAKE-NIKKI,6.6,43.88
1784,105,Apr,14,1,SUGIURAKE-NIKKI,6,42.8
1785,108,Apr,18,1,SUGIURAKE-NIKKI,5.2,41.36
1786,106,Apr,16,1,SUGIURAKE-NIKKI,5.7,42.26
1787,105,Apr,15,1,SUGIURAKE-NIKKI,6,42.8
1788,109,Apr,18,1,TERUYOSHI-KOKI,4.9,40.82
1789,106,Apr,16,1,KOUKANSIYU-NIKKI,5.7,42.26
1790,119,Apr,29,2,SUGIURAKE-NIKKI,2.2,35.96
1791,99,Apr,9,1,SUGIURAKE-NIKKI,7.7,45.86
1792,101,Apr,10,1,TERUYOSHI-KOKI,7.2,44.96
1793,106,Apr,16,2,TERUYOSHI-KOKI,5.7,42.26
1794,104,Apr,14,1,SUGIURAKE-NIKKI,6.3,43.34
1795,113,Apr,23,1,TERUYOSHI-KOKI,3.8,38.84
1796,103,Apr,12,2,SUGIURAKE-NIKKI,6.6,43.88
1797,97,Apr,7,2,TADAYOSHI-KOKI,8.3,46.94
1798,110,Apr,20,1,SUGIURAKE-NIKKI,4.6,40.28
1799,103,Apr,13,1,SUGIURAKE-NIKKI,6.6,43.88
1800,103,Apr,13,1,SUGIURAKE-NIKKI,6.6,43.88
1801,105,Apr,15,1,SUGIURAKE-NIKKI,6,42.8
1802,96,Apr,6,1,SUGIURAKE-NIKKI,8.6,47.48
1803,110,Apr,20,1,SUGIURAKE-NIKKI,4.6,40.28
1804,104,Apr,13,1,SUGIURAKE-NIKKI,6.3,43.34
1805,93,Apr,3,1,SUGIURAKE-NIKKI,9.6,49.28
1806,114,Apr,24,1,SUGIURAKE-NIKKI,3.5,38.3
1807,116,Apr,26,1,SUGIURAKE-NIKKI,3,37.4
1808,98,Apr,7,1,SUGIURAKE-NIKKI,8,46.4
1809,107,Apr,17,1,SUGIURAKE-NIKKI,5.4,41.72
1810,100,Apr,10,1,SUGIURAKE-NIKKI,7.4,45.32
1811,110,Apr,20,1,SUGIURAKE-NIKKI,4.6,40.28
1812,120,Apr,29,1,SUGIURAKE-NIKKI,2,35.6
1813,107,Apr,17,2,SANEHISA-KYOKI,5.4,41.72
1814,113,Apr,23,1,RAI-SANYO-NIPPU,3.8,38.84
1815,111,Apr,21,1,SADANAKA-KYOKI,4.3,39.74
1816,103,Apr,12,1,HARU-NO-NISHIKI,6.6,43.88
1817,110,Apr,20,1,SADANAKA-KYOKI,4.6,40.28
1818,106,Apr,16,1,HIRAMATSUKE-NIKKI,5.7,42.26
1819,106,Apr,16,1,RAI-BAISHI-NIKKI,5.7,42.26
1820,95,Apr,4,2,RAI-SANYO-NIPPU,8.9,48.02
1821,109,Apr,19,2,SANEHISA-KYOKI,4.9,40.82
1822,102,Apr,12,2,RAI-SANYO-NIPPU,6.9,44.42
1823,106,Apr,16,2,RAI-SANYO-NIPPU,5.7,42.26
1824,108,Apr,17,1,RAI-BAISHI-NIKKI,5.2,41.36
1825,114,Apr,24,2,SANEHISA-KYOKI,3.5,38.3
1826,109,Apr,19,2,RAI-SANYO-NIPPU,4.9,40.82
1827,100,Apr,10,2,RAI-BAISHI-NIKKI,7.4,45.32
1828,113,Apr,22,2,RAI-SANYO-NIPPU,3.8,38.84
1829,112,Apr,22,1,RAI-BAISHI-NIKKI,4.1,39.38
1830,105,Apr,15,2,RAI-SANYO-NIPPU,6,42.8
1831,114,Apr,24,2,RAI-SANYO-NIPPU,3.5,38.3
1832,113,Apr,22,1,GAKUSUI-NIKKI,3.8,38.84
1833,107,Apr,17,2,GAKUSUI-NIKKI,5.4,41.72
1834,111,Apr,21,2,SUGIURAKE-NIKKI,4.3,39.74
1835,112,Apr,22,2,SUGIURAKE-NIKKI,4.1,39.38
1836,112,Apr,21,1,FUDEMAKASE,4.1,39.38
1837,111,Apr,21,2,SUGIURAKE-NIKKI,4.3,39.74
1838,109,Apr,19,2,SUGIURAKE-NIKKI,4.9,40.82
1839,120,Apr,30,2,SUGIURAKE-NIKKI,2,35.6
1840,105,Apr,14,2,SUGIURAKE-NIKKI,6,42.8
1841,107,Apr,17,2,KYOJIN-HOSSINNO-NIKKI,5.4,41.72
1842,96,Apr,6,2,KYOJIN-HOSSINNO-NIKKI,8.6,47.48
1843,106,Apr,16,1,SANEAKIRA-KYOKI,5.7,42.26
1844,106,Apr,15,2,SANEAKIRA-KYOKI,5.7,42.26
1845,102,Apr,12,2,SANEAKIRA-KYOKI,6.9,44.42
1846,98,Apr,8,4,TEIEN-EISO,8,46.4
1847,107,Apr,17,1,MADENOKOJI-NIKKI,5.4,41.72
1848,102,Apr,11,2,MIAKE-SHONOSUKE-NIKKI,6.9,44.42
1849,100,Apr,10,1,SANEAKIRA-KYOKI,7.4,45.32
1850,109,Apr,19,1,SUGIURAKE-NIKKI,4.9,40.82
1851,102,Apr,12,2,MADENOKOJI-NIKKI,6.9,44.42
1852,113,Apr,22,1,SADANAKA-KYOKI,3.8,38.84
1853,102,Apr,12,1,MADENOKOJI-NIKKI,6.9,44.42
1854,102,Apr,12,2,TAKOYAKUSHI-MACHINIKKI,6.9,44.42
1855,101,Apr,11,1,SADANAKA-KYOKI,7.2,44.96
1856,111,Apr,20,1,TAKAGI-ZAICHU-NIKKI,4.3,39.74
1857,108,Apr,18,1,HANA-NO-SHITABUSHI,5.2,41.36
1858,104,Apr,14,1,TAKAGI-ZAICHU-NIKKI,6.3,43.34
1859,110,Apr,20,2,NAKAYAMAISAKO-NIKKI,4.6,40.28
1860,113,Apr,22,2,TAKAGI-ZAICHU-NIKKI,3.8,38.84
1861,100,Apr,10,1,TAKAGI-ZAICHU-NIKKI,7.4,45.32
1862,117,Apr,27,2,KOMEI-TENNOKI,2.7,36.86
1863,118,Apr,28,4,YATAKA-SHU,2.5,36.5
1864,105,Apr,14,1,MADENOKOJI-NIKKI,6,42.8
1865,97,Apr,7,1,TAKAGI-ZAICHU-NIKKI,8.3,46.94
1866,102,Apr,12,2,KOMEI-TENNOKI,6.9,44.42
1867,101,Apr,11,2,OZAKITADAMASA-NIKKI,7.2,44.96
1868,104,Apr,13,2,GAKKAI-NICHIROKU,6.3,43.34
1869,105,Apr,15,2,TAKAGI-ZAICHU-NIKKI,6,42.8
1870,99,Apr,9,1,TAKAGI-ZAICHU-NIKKI,7.7,45.86
1871,104,Apr,14,1,TAKAGI-ZAICHU-NIKKI,6.3,43.34
1872,NA,NA,NA,NA,-,NA,NA
1873,104,Apr,14,2,HAYAMIKE-NIKKI,6.3,43.34
1874,107,Apr,17,2,HAYAMIKE-NIKKI,5.4,41.72
1875,103,Apr,13,2,HAYAMIKE-NIKKI,6.6,43.88
1876,111,Apr,20,2,HAYAMIKE-NIKKI,4.3,39.74
1877,104,Apr,14,1,SUGIURAKE-NIKKI,6.3,43.34
1878,101,Apr,11,2,HAYAMIKE-NIKKI,7.2,44.96
1879,102,Apr,12,2,SUGIURAKE-NIKKI,6.9,44.42
1880,110,Apr,19,2,SUGIURAKE-NIKKI,4.6,40.28
1881,112,Apr,22,1,UEKI-SHISEI-NIKKI,4.7,40.46
1882,97,Apr,7,1,SUGIURAKE-NIKKI,5.5,41.9
1883,107,Apr,17,2,SUGIURAKE-NIKKI,5.6,42.08
1884,109,Apr,18,2,SUGIURAKE-NIKKI,5.6,42.08
1885,113,Apr,23,2,NEWS-PAPER(ARASHIYAMA),3.8,38.84
1886,108,Apr,18,2,SUGIURAKE-NIKKI,7,44.6
1887,109,Apr,19,2,NEWS-PAPER(ARASHIYAMA),5.3,41.54
1888,107,Apr,16,0,NEWS-PAPER(ARASHIYAMA),7.5,45.5
1889,109,Apr,19,0,NEWS-PAPER(ARASHIYAMA),6.6,43.88
1890,98,Apr,8,0,UEKI-SHISEI-NIKKI,8.6,47.48
1891,99,Apr,9,0,NEWS-PAPER(ARASHIYAMA),7.8,46.04
1892,115,Apr,24,0,NEWS-PAPER(ARASHIYAMA),4.7,40.46
1893,109,Apr,19,0,NEWS-PAPER(ARASHIYAMA),5,41
1894,98,Apr,8,0,NEWS-PAPER(ARASHIYAMA),7.5,45.5
1895,NA,NA,NA,NA,-,6.8,44.24
1896,106,Apr,15,0,NEWS-PAPER(ARASHIYAMA),4.6,40.28
1897,106,Apr,16,0,NEWS-PAPER(ARASHIYAMA),6.2,43.16
1898,108,Apr,18,0,NEWS-PAPER(ARASHIYAMA),5.4,41.72
1899,99,Apr,9,0,NEWS-PAPER(ARASHIYAMA),7.1,44.78
1900,102,Apr,12,0,NEWS-PAPER(ARASHIYAMA),5.2,41.36
1901,102,Apr,12,0,NEWS-PAPER(ARASHIYAMA),5.2,41.36
1902,98,Apr,8,0,KYOTO-TETUDO-KANRIKYOKU ADV(ARASHIYAMA),7.8,46.04
1903,99,Apr,9,0,NEWS-PAPER(ARASHIYAMA),8.5,47.3
1904,108,Apr,17,0,NEWS-PAPER(ARASHIYAMA),6.3,43.34
1905,105,Apr,15,0,NEWS-PAPER(ARASHIYAMA),6.4,43.52
1906,105,Apr,15,0,KYOTO-TETUDO-KANRIKYOKU ADV(ARASHIYAMA),6.6,43.88
1907,103,Apr,13,0,KYOTO-TETUDO-KANRIKYOKU ADV(ARASHIYAMA),5.4,41.72
1908,102,Apr,11,0,TETUDOUIN AVD(ARASHIYAMA),6.2,43.16
1909,108,Apr,18,0,TETUDOUIN AVD(ARASHIYAMA),5.6,42.08
1910,104,Apr,14,0,TETUDOUIN AVD(ARASHIYAMA),4.7,40.46
1911,98,Apr,8,0,ARASHIYAMA-TETSUDO ADV(ARASHIYAMA),7.7,45.86
1912,105,Apr,14,0,TETUDOUIN AVD(ARASHIYAMA),7,44.6
1913,103,Apr,13,0,SEIBU-TETSUDO-KANRIKYOKU ADV(ARASHIYAMA),4.6,40.28
1914,102,Apr,12,0,KOBE-TETSUDO-KANRIKYOKU ADV(ARASHIYAMA),9,48.2
1915,102,Apr,12,0,NEWS-PAPER(ARASHIYAMA),5.6,42.08
1916,112,Apr,21,0,SEIBU-TETSUDO-KANRIKYOKU ADV(ARASHIYAMA),4.9,40.82
1917,103,Apr,13,0,NEWS-PAPER(ARASHIYAMA),6.1,42.98
1918,104,Apr,14,0,SEKI-HAJIME-NIKKI,6.5,43.7
1919,NA,NA,NA,NA,-,7.5,45.5
1920,104,Apr,13,0,NEWS-PAPER(ARASHIYAMA),7.2,44.96
1921,NA,NA,NA,NA,-,5.3,41.54
1922,101,Apr,11,0,KAJII-MOTOJIRO-SHOKAN,5.8,42.44
1923,97,Apr,7,0,NEWS-PAPER(ARASHIYAMA),8.1,46.58
1924,111,Apr,20,0,MITAMURA-ENGYO-NIKKI(ARASHIYAMA),4,39.2
1925,108,Apr,18,0,KEIHAN RAILWAY ADV(ARASHIYAMA),5.3,41.54
1926,108,Apr,18,0,KEIHAN RAILWAY ADV(ARASHIYAMA),5.4,41.72
1927,107,Apr,17,0,KEIHAN RAILWAY ADV(ARASHIYAMA),6.1,42.98
1928,107,Apr,16,0,KEIHAN RAILWAY ADV(ARASHIYAMA),6.4,43.52
1929,103,Apr,13,0,SHIN-KEIHAN RAILWAY ADV(ARASHIYAMA),5.9,42.62
1930,95,Apr,5,0,SHIN-KEIHAN RAILWAY ADV(ARASHIYAMA),8.3,46.94
1931,105,Apr,15,0,NEWS-PAPER(ARASHIYAMA),6.8,44.24
1932,105,Apr,14,0,KEIHAN RAILWAY ADV(ARASHIYAMA),5.8,42.44
1933,106,Apr,16,0,NEWS-PAPER(ARASHIYAMA),5.2,41.36
1934,104,Apr,14,0,NEWS-PAPER(ARASHIYAMA),5.5,41.9
1935,102,Apr,12,0,NHK(ARASHIYAMA),6.8,44.24
1936,111,Apr,20,0,NHK(ARASHIYAMA),4.5,40.1
1937,100,Apr,10,0,NEWS-PAPER(ARASHIYAMA),7.3,45.14
1938,98,Apr,8,0,KEIHAN RAILWAY ADV(ARASHIYAMA),9,48.2
1939,104,Apr,14,0,KEIHAN RAILWAY ADV(ARASHIYAMA),6.8,44.24
1940,110,Apr,19,0,KEIHAN RAILWAY ADV(ARASHIYAMA),6.3,43.34
1941,100,Apr,10,0,KEIHAN RAILWAY ADV(ARASHIYAMA),7.7,45.86
1942,96,Apr,6,0,ASADA-TAKASHI-NIKKI,9.9,49.82
1943,101,Apr,11,0,ASADA-TAKASHI-NIKKI,6.1,42.98
1944,100,Apr,9,0,ASADA-TAKASHI-NIKKI,5.7,42.26
1945,NA,NA,NA,NA,-,6.6,43.88
1946,97,Apr,7,0,NEWS-PAPER(ARASHIYAMA),6.1,42.98
1947,107,Apr,17,0,NEWS-PAPER(ARASHIYAMA),5.4,41.72
1948,102,Apr,11,0,NEWS-PAPER(ARASHIYAMA),6.4,43.52
1949,107,Apr,17,0,NEWS-PAPER(ARASHIYAMA),5.5,41.9
1950,99,Apr,9,0,NEWS-PAPET(DAIGO-JI),6.8,44.24
1951,98,Apr,8,0,NEWS-PAPER(ARASHIYAMA),7.4,45.32
1952,105,Apr,14,0,NEWS-PAPER(ARASHIYAMA),6.8,44.24
1953,100,Apr,11,0,Japan Meteorological Agency,8.6,47.48
1954,94,Apr,5,0,Japan Meteorological Agency,7.6,45.68
1955,96,Apr,7,0,Japan Meteorological Agency,9,48.2
1956,100,Apr,10,0,Japan Meteorological Agency,8.3,46.94
1957,101,Apr,12,0,Japan Meteorological Agency,5.2,41.36
1958,97,Apr,8,0,Japan Meteorological Agency,7.5,45.5
1959,91,Apr,2,0,Japan Meteorological Agency,9,48.2
1960,95,Apr,5,0,Japan Meteorological Agency,8.9,48.02
1961,95,Apr,6,0,Japan Meteorological Agency,8,46.4
1962,96,Apr,7,0,Japan Meteorological Agency,7.3,45.14
1963,98,Apr,9,0,Japan Meteorological Agency,7,44.6
1964,96,Apr,6,0,Japan Meteorological Agency,6.6,43.88
1965,106,Apr,17,0,Japan Meteorological Agency,5.5,41.9
1966,95,Apr,6,0,Japan Meteorological Agency,8.5,47.3
1967,95,Apr,6,0,Japan Meteorological Agency,7.7,45.86
1968,95,Apr,5,0,Japan Meteorological Agency,8,46.4
1969,102,Apr,13,0,Japan Meteorological Agency,6.9,44.42
1970,104,Apr,15,0,Japan Meteorological Agency,5,41
1971,96,Apr,7,0,Japan Meteorological Agency,7.4,45.32
1972,97,Apr,7,0,Japan Meteorological Agency,8.8,47.84
1973,97,Apr,8,0,Japan Meteorological Agency,7.8,46.04
1974,98,Apr,9,0,Japan Meteorological Agency,7,44.6
1975,99,Apr,10,0,Japan Meteorological Agency,7.4,45.32
1976,99,Apr,9,0,Japan Meteorological Agency,7.9,46.22
1977,92,Apr,3,0,Japan Meteorological Agency,8.7,47.66
1978,102,Apr,13,0,Japan Meteorological Agency,7.6,45.68
1979,98,Apr,9,0,Japan Meteorological Agency,8,46.4
1980,98,Apr,8,0,Japan Meteorological Agency,7.3,45.14
1981,97,Apr,8,0,Japan Meteorological Agency,8.3,46.94
1982,89,Mar,31,0,Japan Meteorological Agency,8.6,47.48
1983,98,Apr,9,0,Japan Meteorological Agency,7.8,46.04
1984,104,Apr,14,0,Japan Meteorological Agency,5.1,41.18
1985,97,Apr,8,0,Japan Meteorological Agency,8.5,47.3
1986,97,Apr,8,0,Japan Meteorological Agency,7.6,45.68
1987,95,Apr,6,0,Japan Meteorological Agency,8.2,46.76
1988,101,Apr,11,0,Japan Meteorological Agency,7.3,45.14
1989,91,Apr,2,0,Japan Meteorological Agency,8.2,46.76
1990,87,Mar,29,0,Japan Meteorological Agency,9.3,48.74
1991,95,Apr,6,0,Japan Meteorological Agency,9.4,48.92
1992,93,Apr,3,0,Japan Meteorological Agency,9.7,49.46
1993,95,Apr,6,0,Japan Meteorological Agency,7.6,45.68
1994,95,Apr,6,0,Japan Meteorological Agency,7.1,44.78
1995,95,Apr,6,0,Japan Meteorological Agency,8.6,47.48
1996,99,Apr,9,0,Japan Meteorological Agency,7.7,45.86
1997,93,Apr,4,0,Japan Meteorological Agency,9.3,48.74
1998,90,Apr,1,0,Japan Meteorological Agency,9.7,49.46
1999,91,Apr,2,0,Japan Meteorological Agency,9.9,49.82
2000,100,Apr,10,0,Japan Meteorological Agency,7.5,45.5
2001,92,Apr,3,0,Japan Meteorological Agency,8.6,47.48
2002,86,Mar,28,0,Japan Meteorological Agency,10.3,50.54
2003,93,Apr,4,0,Japan Meteorological Agency,7.3,45.14
2004,93,Apr,3,0,Japan Meteorological Agency,9.1,48.38
2005,97,Apr,8,0,Japan Meteorological Agency,7.7,45.86
2006,95,Apr,6,0,Japan Meteorological Agency,7.5,45.5
2007,92,Apr,3,0,Japan Meteorological Agency,8.6,47.48
2008,91,Apr,1,0,Japan Meteorological Agency,9.6,49.28
2009,94,Apr,5,0,Japan Meteorological Agency,8.8,47.84
2010,90,Apr,1,0,Japan Meteorological Agency,8.5,47.3
2011,96,Apr,7,0,Japan Meteorological Agency,6.8,44.24
2012,99,Apr,9,0,Japan Meteorological Agency,8.3,46.94
2013,88,Mar,30,0,Japan Meteorological Agency,9.7,49.46
2014,91,Apr,2,0,Japan Meteorological Agency,9,48.2
2015,90,Apr,1,0,Japan Meteorological Agency,9.4,48.92
2016,92,Apr,2,0,Japan Meteorological Agency,9.9,49.82
2017,96,Apr,7,0,Japan Meteorological Agency,8.2,46.76
2018,86,Mar,28,0,Japan Meteorological Agency,10.9,51.62
2019,95,Apr,6,0,Japan Meteorological Agency,9.6,49.28
2020,89,Mar,30,0,Japan Meteorological Agency,10.6,51.08
2021,84,Mar,26,0,Japan Meteorological Agency,11.6,52.88
