avg_tempC,year,season
9.5,1881,early_Nov
8.3,1881,mid_Nov
6.7,1881,late_Nov
3.9,1881,early_Dec
3.2,1881,mid_Dec
0.3,1881,late_Dec
1.4,1881,early_Jan
0.5,1881,mid_Jan
-0.2,1881,late_Jan
1.3,1881,early_Feb
1.9,1881,mid_Feb
4.8,1881,late_Feb
3.8,1881,early_Mar
4.4,1881,mid_Mar
5.7,1881,late_Mar
14.7,1882,early_Nov
9.7,1882,mid_Nov
7,1882,late_Nov
5.4,1882,early_Dec
3.9,1882,mid_Dec
2.1,1882,late_Dec
4.6,1882,early_Jan
2.5,1882,mid_Jan
5.7,1882,late_Jan
5,1882,early_Feb
5.5,1882,mid_Feb
2.3,1882,late_Feb
3.2,1882,early_Mar
6.6,1882,mid_Mar
6.7,1882,late_Mar
11.1,1883,early_Nov
10.1,1883,mid_Nov
6.7,1883,late_Nov
5.1,1883,early_Dec
3,1883,mid_Dec
0.8,1883,late_Dec
2.1,1883,early_Jan
1.1,1883,mid_Jan
3.4,1883,late_Jan
1.3,1883,early_Feb
3.8,1883,mid_Feb
4.6,1883,late_Feb
4.2,1883,early_Mar
5.6,1883,mid_Mar
6.9,1883,late_Mar
12,1884,early_Nov
8.1,1884,mid_Nov
7,1884,late_Nov
4.3,1884,early_Dec
3.7,1884,mid_Dec
2.7,1884,late_Dec
1.7,1884,early_Jan
1.5,1884,mid_Jan
2.4,1884,late_Jan
0.5,1884,early_Feb
1.2,1884,mid_Feb
3.4,1884,late_Feb
5.2,1884,early_Mar
4.9,1884,mid_Mar
6.5,1884,late_Mar
9.7,1885,early_Nov
6.8,1885,mid_Nov
4.7,1885,late_Nov
3.4,1885,early_Dec
2.1,1885,mid_Dec
2.2,1885,late_Dec
1.4,1885,early_Jan
0.6,1885,mid_Jan
0.5,1885,late_Jan
1.2,1885,early_Feb
0,1885,mid_Feb
2.9,1885,late_Feb
3.3,1885,early_Mar
2.8,1885,mid_Mar
5.1,1885,late_Mar
12.7,1886,early_Nov
10.1,1886,mid_Nov
6.6,1886,late_Nov
5.9,1886,early_Dec
4.7,1886,mid_Dec
4.8,1886,late_Dec
1.8,1886,early_Jan
1.7,1886,mid_Jan
0.9,1886,late_Jan
0.8,1886,early_Feb
0.5,1886,mid_Feb
1.9,1886,late_Feb
6,1886,early_Mar
8.3,1886,mid_Mar
6.9,1886,late_Mar
13.4,1887,early_Nov
10.2,1887,mid_Nov
7.2,1887,late_Nov
4.3,1887,early_Dec
3.5,1887,mid_Dec
3.7,1887,late_Dec
1.2,1887,early_Jan
3.4,1887,mid_Jan
5.6,1887,late_Jan
1.6,1887,early_Feb
3.5,1887,mid_Feb
3.9,1887,late_Feb
3.1,1887,early_Mar
5.5,1887,mid_Mar
7.1,1887,late_Mar
12,1888,early_Nov
8.1,1888,mid_Nov
9,1888,late_Nov
6.6,1888,early_Dec
4.2,1888,mid_Dec
3.1,1888,late_Dec
3.3,1888,early_Jan
3.6,1888,mid_Jan
1.8,1888,late_Jan
1.4,1888,early_Feb
1.4,1888,mid_Feb
2.5,1888,late_Feb
5.4,1888,early_Mar
6.9,1888,mid_Mar
9.9,1888,late_Mar
14.6,1889,early_Nov
11.6,1889,mid_Nov
9,1889,late_Nov
6.4,1889,early_Dec
4.2,1889,mid_Dec
5.4,1889,late_Dec
2.2,1889,early_Jan
3.4,1889,mid_Jan
0.7,1889,late_Jan
1.4,1889,early_Feb
2.5,1889,mid_Feb
4.1,1889,late_Feb
7.4,1889,early_Mar
5.2,1889,mid_Mar
7.3,1889,late_Mar
9.7,1890,early_Nov
8.2,1890,mid_Nov
9.4,1890,late_Nov
4.8,1890,early_Dec
5.5,1890,mid_Dec
4.5,1890,late_Dec
3.1,1890,early_Jan
3.6,1890,mid_Jan
3.1,1890,late_Jan
5.8,1890,early_Feb
8.6,1890,mid_Feb
5.1,1890,late_Feb
6.3,1890,early_Mar
8,1890,mid_Mar
11.2,1890,late_Mar
11.6,1891,early_Nov
11.1,1891,mid_Nov
8.8,1891,late_Nov
14,1891,early_Dec
7.3,1891,mid_Dec
6,1891,late_Dec
2.4,1891,early_Jan
1.1,1891,mid_Jan
2.3,1891,late_Jan
3.5,1891,early_Feb
1.1,1891,mid_Feb
7.5,1891,late_Feb
6.2,1891,early_Mar
7.3,1891,mid_Mar
9.7,1891,late_Mar
12.6,1892,early_Nov
10.8,1892,mid_Nov
6.9,1892,late_Nov
6.4,1892,early_Dec
3.6,1892,mid_Dec
4.5,1892,late_Dec
3.3,1892,early_Jan
1.1,1892,mid_Jan
2.6,1892,late_Jan
2.8,1892,early_Feb
2.8,1892,mid_Feb
3,1892,late_Feb
5.9,1892,early_Mar
4.5,1892,mid_Mar
4,1892,late_Mar
11.6,1893,early_Nov
9.1,1893,mid_Nov
5.5,1893,late_Nov
3.9,1893,early_Dec
0.6,1893,mid_Dec
1.7,1893,late_Dec
2.5,1893,early_Jan
1.2,1893,mid_Jan
2.2,1893,late_Jan
1.6,1893,early_Feb
0.6,1893,mid_Feb
0,1893,late_Feb
1.9,1893,early_Mar
5.2,1893,mid_Mar
7.6,1893,late_Mar
11.3,1894,early_Nov
6.7,1894,mid_Nov
6.3,1894,late_Nov
4.3,1894,early_Dec
2,1894,mid_Dec
2.8,1894,late_Dec
2.4,1894,early_Jan
2.5,1894,mid_Jan
1,1894,late_Jan
1.9,1894,early_Feb
2.3,1894,mid_Feb
3.5,1894,late_Feb
6.4,1894,early_Mar
5.7,1894,mid_Mar
10.1,1894,late_Mar
11.3,1895,early_Nov
8.3,1895,mid_Nov
12.6,1895,late_Nov
5.9,1895,early_Dec
3.1,1895,mid_Dec
3.5,1895,late_Dec
3,1895,early_Jan
0.9,1895,mid_Jan
0.4,1895,late_Jan
1.4,1895,early_Feb
4.7,1895,mid_Feb
0.5,1895,late_Feb
5,1895,early_Mar
5.7,1895,mid_Mar
9.5,1895,late_Mar
10.5,1896,early_Nov
8.3,1896,mid_Nov
7.6,1896,late_Nov
7.7,1896,early_Dec
2.2,1896,mid_Dec
2.8,1896,late_Dec
3.5,1896,early_Jan
2.2,1896,mid_Jan
1.9,1896,late_Jan
2.6,1896,early_Feb
1.1,1896,mid_Feb
5.2,1896,late_Feb
1.3,1896,early_Mar
6.7,1896,mid_Mar
5.8,1896,late_Mar
8.3,1897,early_Nov
8.9,1897,mid_Nov
10.7,1897,late_Nov
3.4,1897,early_Dec
5.5,1897,mid_Dec
3.1,1897,late_Dec
4.5,1897,early_Jan
4.3,1897,mid_Jan
2.3,1897,late_Jan
2.5,1897,early_Feb
2,1897,mid_Feb
4.4,1897,late_Feb
5.9,1897,early_Mar
5.2,1897,mid_Mar
7.5,1897,late_Mar
13,1898,early_Nov
9.7,1898,mid_Nov
7.2,1898,late_Nov
4.8,1898,early_Dec
2.5,1898,mid_Dec
1,1898,late_Dec
3.5,1898,early_Jan
3.4,1898,mid_Jan
2.9,1898,late_Jan
4.2,1898,early_Feb
4.1,1898,mid_Feb
3.2,1898,late_Feb
3.1,1898,early_Mar
5.3,1898,mid_Mar
7.6,1898,late_Mar
12.2,1899,early_Nov
13.2,1899,mid_Nov
8.5,1899,late_Nov
7.9,1899,early_Dec
5.7,1899,mid_Dec
3,1899,late_Dec
2.5,1899,early_Jan
2.6,1899,mid_Jan
1.7,1899,late_Jan
2.1,1899,early_Feb
2.7,1899,mid_Feb
8.2,1899,late_Feb
7.8,1899,early_Mar
5.1,1899,mid_Mar
8.4,1899,late_Mar
8.7,1900,early_Nov
7.3,1900,mid_Nov
4.9,1900,late_Nov
5.1,1900,early_Dec
5.2,1900,mid_Dec
4.9,1900,late_Dec
1.5,1900,early_Jan
1.3,1900,mid_Jan
1.8,1900,late_Jan
1.5,1900,early_Feb
3.1,1900,mid_Feb
3.2,1900,late_Feb
4.2,1900,early_Mar
3.8,1900,mid_Mar
7.5,1900,late_Mar
12.1,1901,early_Nov
9.1,1901,mid_Nov
9.6,1901,late_Nov
4.8,1901,early_Dec
3.4,1901,mid_Dec
4.6,1901,late_Dec
5.3,1901,early_Jan
3.8,1901,mid_Jan
3.5,1901,late_Jan
0.9,1901,early_Feb
1.8,1901,mid_Feb
2.3,1901,late_Feb
3.1,1901,early_Mar
3.7,1901,mid_Mar
8.5,1901,late_Mar
11.4,1902,early_Nov
9.6,1902,mid_Nov
5.5,1902,late_Nov
4.7,1902,early_Dec
3,1902,mid_Dec
2.3,1902,late_Dec
1.2,1902,early_Jan
1.6,1902,mid_Jan
2.4,1902,late_Jan
1.6,1902,early_Feb
1.5,1902,mid_Feb
4.7,1902,late_Feb
5,1902,early_Mar
8.4,1902,mid_Mar
9.8,1902,late_Mar
12.1,1903,early_Nov
10.5,1903,mid_Nov
9.6,1903,late_Nov
7.4,1903,early_Dec
9,1903,mid_Dec
3.8,1903,late_Dec
2.6,1903,early_Jan
3.7,1903,mid_Jan
5,1903,late_Jan
2.7,1903,early_Feb
3.2,1903,mid_Feb
4.9,1903,late_Feb
7,1903,early_Mar
10,1903,mid_Mar
8.5,1903,late_Mar
10.6,1904,early_Nov
8.4,1904,mid_Nov
5.9,1904,late_Nov
4.9,1904,early_Dec
3.7,1904,mid_Dec
1.5,1904,late_Dec
2,1904,early_Jan
2.2,1904,mid_Jan
0.6,1904,late_Jan
3.2,1904,early_Feb
3.4,1904,mid_Feb
5.6,1904,late_Feb
7.4,1904,early_Mar
5.5,1904,mid_Mar
6,1904,late_Mar
7.7,1905,early_Nov
8.2,1905,mid_Nov
6.3,1905,late_Nov
6.6,1905,early_Dec
6,1905,mid_Dec
2.7,1905,late_Dec
3.8,1905,early_Jan
4.1,1905,mid_Jan
5.1,1905,late_Jan
1,1905,early_Feb
2.1,1905,mid_Feb
4.4,1905,late_Feb
3.1,1905,early_Mar
5.5,1905,mid_Mar
10.3,1905,late_Mar
10.3,1906,early_Nov
10.3,1906,mid_Nov
8.5,1906,late_Nov
9.9,1906,early_Dec
5,1906,mid_Dec
5.6,1906,late_Dec
2.8,1906,early_Jan
1.9,1906,mid_Jan
0.3,1906,late_Jan
2.5,1906,early_Feb
2.3,1906,mid_Feb
5.5,1906,late_Feb
3.1,1906,early_Mar
7.9,1906,mid_Mar
8.5,1906,late_Mar
8.8,1907,early_Nov
11.3,1907,mid_Nov
4.6,1907,late_Nov
4.4,1907,early_Dec
7.2,1907,mid_Dec
2.2,1907,late_Dec
2.7,1907,early_Jan
2.9,1907,mid_Jan
5.6,1907,late_Jan
0.9,1907,early_Feb
1,1907,mid_Feb
1.9,1907,late_Feb
4.2,1907,early_Mar
5.1,1907,mid_Mar
6.8,1907,late_Mar
12.4,1908,early_Nov
11.7,1908,mid_Nov
8.1,1908,late_Nov
4.1,1908,early_Dec
3.3,1908,mid_Dec
2.3,1908,late_Dec
1.9,1908,early_Jan
5.7,1908,mid_Jan
2.2,1908,late_Jan
1,1908,early_Feb
1.7,1908,mid_Feb
4.6,1908,late_Feb
4.9,1908,early_Mar
4.9,1908,mid_Mar
8.6,1908,late_Mar
10.6,1909,early_Nov
6.5,1909,mid_Nov
6.7,1909,late_Nov
4.5,1909,early_Dec
4.7,1909,mid_Dec
4.6,1909,late_Dec
2.8,1909,early_Jan
2.6,1909,mid_Jan
2.1,1909,late_Jan
1.8,1909,early_Feb
2.8,1909,mid_Feb
1.2,1909,late_Feb
5,1909,early_Mar
5.5,1909,mid_Mar
6.3,1909,late_Mar
11.9,1910,early_Nov
7,1910,mid_Nov
8.6,1910,late_Nov
4.8,1910,early_Dec
2.5,1910,mid_Dec
3.6,1910,late_Dec
6.2,1910,early_Jan
3.5,1910,mid_Jan
3.6,1910,late_Jan
0.8,1910,early_Feb
1.9,1910,mid_Feb
3.7,1910,late_Feb
0.8,1910,early_Mar
5.1,1910,mid_Mar
8,1910,late_Mar
12,1911,early_Nov
8.9,1911,mid_Nov
7.1,1911,late_Nov
4.4,1911,early_Dec
2,1911,mid_Dec
2.6,1911,late_Dec
1.5,1911,early_Jan
2.3,1911,mid_Jan
4.4,1911,late_Jan
3.2,1911,early_Feb
3.6,1911,mid_Feb
4.3,1911,late_Feb
7.5,1911,early_Mar
7.1,1911,mid_Mar
8.5,1911,late_Mar
10.1,1912,early_Nov
12.9,1912,mid_Nov
10.3,1912,late_Nov
5.6,1912,early_Dec
4.4,1912,mid_Dec
2.6,1912,late_Dec
2.3,1912,early_Jan
1.2,1912,mid_Jan
3.3,1912,late_Jan
4.3,1912,early_Feb
4.6,1912,mid_Feb
9.2,1912,late_Feb
7.6,1912,early_Mar
4.7,1912,mid_Mar
8.5,1912,late_Mar
11.4,1913,early_Nov
7.5,1913,mid_Nov
7.4,1913,late_Nov
4.5,1913,early_Dec
5.7,1913,mid_Dec
3.2,1913,late_Dec
1.3,1913,early_Jan
1.5,1913,mid_Jan
2.4,1913,late_Jan
3.2,1913,early_Feb
2.8,1913,mid_Feb
4.3,1913,late_Feb
1.3,1913,early_Mar
5.3,1913,mid_Mar
7,1913,late_Mar
9.5,1914,early_Nov
9.4,1914,mid_Nov
8.6,1914,late_Nov
6.4,1914,early_Dec
5,1914,mid_Dec
3.2,1914,late_Dec
2.7,1914,early_Jan
4.6,1914,mid_Jan
3.3,1914,late_Jan
2.3,1914,early_Feb
5,1914,mid_Feb
5.3,1914,late_Feb
9.2,1914,early_Mar
7.8,1914,mid_Mar
9.8,1914,late_Mar
15.1,1915,early_Nov
13.7,1915,mid_Nov
6.5,1915,late_Nov
7.6,1915,early_Dec
4.1,1915,mid_Dec
3.9,1915,late_Dec
3.7,1915,early_Jan
1.9,1915,mid_Jan
4,1915,late_Jan
4.1,1915,early_Feb
3.1,1915,mid_Feb
5.8,1915,late_Feb
6.7,1915,early_Mar
4.1,1915,mid_Mar
6,1915,late_Mar
13.9,1916,early_Nov
11,1916,mid_Nov
9.9,1916,late_Nov
5.8,1916,early_Dec
4.1,1916,mid_Dec
5.9,1916,late_Dec
6.1,1916,early_Jan
3.5,1916,mid_Jan
4.9,1916,late_Jan
5.5,1916,early_Feb
2.2,1916,mid_Feb
5.8,1916,late_Feb
3.7,1916,early_Mar
4.2,1916,mid_Mar
6.7,1916,late_Mar
14.8,1917,early_Nov
11.8,1917,mid_Nov
11,1917,late_Nov
9.7,1917,early_Dec
5.8,1917,mid_Dec
3.5,1917,late_Dec
0.9,1917,early_Jan
2.4,1917,mid_Jan
1.1,1917,late_Jan
1,1917,early_Feb
3.4,1917,mid_Feb
4.1,1917,late_Feb
4.3,1917,early_Mar
7.6,1917,mid_Mar
6.5,1917,late_Mar
9.4,1918,early_Nov
6.5,1918,mid_Nov
6.2,1918,late_Nov
5.2,1918,early_Dec
3.6,1918,mid_Dec
0.1,1918,late_Dec
0.7,1918,early_Jan
1.4,1918,mid_Jan
0.9,1918,late_Jan
3.9,1918,early_Feb
1.3,1918,mid_Feb
4.1,1918,late_Feb
5.2,1918,early_Mar
6.8,1918,mid_Mar
7.4,1918,late_Mar
13.3,1919,early_Nov
7.4,1919,mid_Nov
8.1,1919,late_Nov
5.7,1919,early_Dec
4.1,1919,mid_Dec
3.4,1919,late_Dec
3,1919,early_Jan
4.1,1919,mid_Jan
1.9,1919,late_Jan
0.5,1919,early_Feb
5,1919,mid_Feb
7,1919,late_Feb
7.4,1919,early_Mar
6.8,1919,mid_Mar
8.2,1919,late_Mar
13.9,1920,early_Nov
12.3,1920,mid_Nov
7.7,1920,late_Nov
7.3,1920,early_Dec
3.4,1920,mid_Dec
3.9,1920,late_Dec
3.3,1920,early_Jan
3.1,1920,mid_Jan
3.5,1920,late_Jan
4.1,1920,early_Feb
2.7,1920,mid_Feb
2.6,1920,late_Feb
4.5,1920,early_Mar
7.6,1920,mid_Mar
9.3,1920,late_Mar
14.2,1921,early_Nov
11.1,1921,mid_Nov
8.3,1921,late_Nov
7.4,1921,early_Dec
6.6,1921,mid_Dec
3,1921,late_Dec
4,1921,early_Jan
3.5,1921,mid_Jan
3.4,1921,late_Jan
2.8,1921,early_Feb
2.5,1921,mid_Feb
4.5,1921,late_Feb
4.3,1921,early_Mar
5.8,1921,mid_Mar
5.9,1921,late_Mar
8.9,1922,early_Nov
8.7,1922,mid_Nov
5.5,1922,late_Nov
5.1,1922,early_Dec
7,1922,mid_Dec
2.8,1922,late_Dec
2.1,1922,early_Jan
1.1,1922,mid_Jan
0.8,1922,late_Jan
4.9,1922,early_Feb
6.7,1922,mid_Feb
8.5,1922,late_Feb
4.5,1922,early_Mar
7.6,1922,mid_Mar
5.5,1922,late_Mar
13.9,1923,early_Nov
9.7,1923,mid_Nov
7.6,1923,late_Nov
4.7,1923,early_Dec
2.8,1923,mid_Dec
3.6,1923,late_Dec
0.2,1923,early_Jan
1.4,1923,mid_Jan
2.7,1923,late_Jan
1.9,1923,early_Feb
6.5,1923,mid_Feb
2.4,1923,late_Feb
4.9,1923,early_Mar
8.5,1923,mid_Mar
10.6,1923,late_Mar
13.5,1924,early_Nov
10.2,1924,mid_Nov
8.6,1924,late_Nov
7.4,1924,early_Dec
5.6,1924,mid_Dec
4.7,1924,late_Dec
3.3,1924,early_Jan
4.1,1924,mid_Jan
1,1924,late_Jan
4.9,1924,early_Feb
3.6,1924,mid_Feb
2.5,1924,late_Feb
3.3,1924,early_Mar
2.6,1924,mid_Mar
6,1924,late_Mar
10,1925,early_Nov
7.4,1925,mid_Nov
7.2,1925,late_Nov
5.4,1925,early_Dec
3.5,1925,mid_Dec
4.1,1925,late_Dec
3.3,1925,early_Jan
2.1,1925,mid_Jan
1.9,1925,late_Jan
2.3,1925,early_Feb
2.9,1925,mid_Feb
1.1,1925,late_Feb
3.8,1925,early_Mar
4.5,1925,mid_Mar
7.4,1925,late_Mar
11.8,1926,early_Nov
12.1,1926,mid_Nov
8.7,1926,late_Nov
6.8,1926,early_Dec
4.9,1926,mid_Dec
5.1,1926,late_Dec
1.8,1926,early_Jan
4,1926,mid_Jan
0.9,1926,late_Jan
4.3,1926,early_Feb
3.3,1926,mid_Feb
4,1926,late_Feb
5.5,1926,early_Mar
5.5,1926,mid_Mar
5.2,1926,late_Mar
9.7,1927,early_Nov
9.5,1927,mid_Nov
7.2,1927,late_Nov
6.1,1927,early_Dec
4.2,1927,mid_Dec
1,1927,late_Dec
5.3,1927,early_Jan
3.8,1927,mid_Jan
-0.6,1927,late_Jan
0.7,1927,early_Feb
3.2,1927,mid_Feb
2.2,1927,late_Feb
3.7,1927,early_Mar
5.5,1927,mid_Mar
8.9,1927,late_Mar
11.9,1928,early_Nov
10.8,1928,mid_Nov
10.2,1928,late_Nov
8,1928,early_Dec
5.8,1928,mid_Dec
3.8,1928,late_Dec
2.2,1928,early_Jan
3.8,1928,mid_Jan
4.6,1928,late_Jan
2.2,1928,early_Feb
2.7,1928,mid_Feb
4,1928,late_Feb
5.5,1928,early_Mar
5.8,1928,mid_Mar
7.8,1928,late_Mar
13.3,1929,early_Nov
11.1,1929,mid_Nov
8.8,1929,late_Nov
6.9,1929,early_Dec
4.5,1929,mid_Dec
3.2,1929,late_Dec
0.8,1929,early_Jan
3.4,1929,mid_Jan
1,1929,late_Jan
1.6,1929,early_Feb
1.4,1929,mid_Feb
4,1929,late_Feb
3.2,1929,early_Mar
4,1929,mid_Mar
10.1,1929,late_Mar
12.5,1930,early_Nov
10,1930,mid_Nov
8.3,1930,late_Nov
7.6,1930,early_Dec
12.6,1930,mid_Dec
5.4,1930,late_Dec
2,1930,early_Jan
2.8,1930,mid_Jan
3.4,1930,late_Jan
3.9,1930,early_Feb
2.9,1930,mid_Feb
8.5,1930,late_Feb
6.5,1930,early_Mar
7.4,1930,mid_Mar
10.9,1930,late_Mar
11.5,1931,early_Nov
7.9,1931,mid_Nov
7.5,1931,late_Nov
6.3,1931,early_Dec
5.8,1931,mid_Dec
4,1931,late_Dec
5.3,1931,early_Jan
1.5,1931,mid_Jan
3.3,1931,late_Jan
4.6,1931,early_Feb
2.5,1931,mid_Feb
3.1,1931,late_Feb
4.7,1931,early_Mar
7,1931,mid_Mar
8.4,1931,late_Mar
12.9,1932,early_Nov
12.5,1932,mid_Nov
9,1932,late_Nov
7.3,1932,early_Dec
4.6,1932,mid_Dec
5.3,1932,late_Dec
4.3,1932,early_Jan
3.8,1932,mid_Jan
5.5,1932,late_Jan
3.8,1932,early_Feb
3.5,1932,mid_Feb
1.7,1932,late_Feb
5.3,1932,early_Mar
5.7,1932,mid_Mar
6.3,1932,late_Mar
12.2,1933,early_Nov
9.2,1933,mid_Nov
9,1933,late_Nov
7.3,1933,early_Dec
4.7,1933,mid_Dec
5.3,1933,late_Dec
4,1933,early_Jan
3.3,1933,mid_Jan
1.2,1933,late_Jan
2.6,1933,early_Feb
2.6,1933,mid_Feb
3,1933,late_Feb
2.7,1933,early_Mar
5,1933,mid_Mar
7.6,1933,late_Mar
11.4,1934,early_Nov
11.3,1934,mid_Nov
9.3,1934,late_Nov
7.8,1934,early_Dec
4.6,1934,mid_Dec
4.3,1934,late_Dec
1.6,1934,early_Jan
1,1934,mid_Jan
0.6,1934,late_Jan
2.9,1934,early_Feb
2.3,1934,mid_Feb
2.2,1934,late_Feb
1.9,1934,early_Mar
7,1934,mid_Mar
7.5,1934,late_Mar
11.1,1935,early_Nov
8.7,1935,mid_Nov
7.8,1935,late_Nov
5.5,1935,early_Dec
6.2,1935,mid_Dec
5.8,1935,late_Dec
4.2,1935,early_Jan
3.9,1935,mid_Jan
1.7,1935,late_Jan
2.8,1935,early_Feb
4.2,1935,mid_Feb
6.7,1935,late_Feb
6,1935,early_Mar
8,1935,mid_Mar
6.6,1935,late_Mar
12.3,1936,early_Nov
9.6,1936,mid_Nov
10.4,1936,late_Nov
7.9,1936,early_Dec
2.7,1936,mid_Dec
4.8,1936,late_Dec
2.1,1936,early_Jan
-0.1,1936,mid_Jan
0.6,1936,late_Jan
0.3,1936,early_Feb
2.5,1936,mid_Feb
1.6,1936,late_Feb
0.4,1936,early_Mar
5.8,1936,mid_Mar
7,1936,late_Mar
11.5,1937,early_Nov
10.2,1937,mid_Nov
9,1937,late_Nov
6,1937,early_Dec
10.3,1937,mid_Dec
4.7,1937,late_Dec
5.5,1937,early_Jan
3.4,1937,mid_Jan
3.1,1937,late_Jan
5.6,1937,early_Feb
5.1,1937,mid_Feb
7.9,1937,late_Feb
8.4,1937,early_Mar
6.2,1937,mid_Mar
7.3,1937,late_Mar
15.4,1938,early_Nov
10.6,1938,mid_Nov
7.6,1938,late_Nov
4.3,1938,early_Dec
5.7,1938,mid_Dec
3.4,1938,late_Dec
0.8,1938,early_Jan
3.3,1938,mid_Jan
2.6,1938,late_Jan
1.3,1938,early_Feb
3.5,1938,mid_Feb
2.4,1938,late_Feb
9.2,1938,early_Mar
6.2,1938,mid_Mar
11.5,1938,late_Mar
12.1,1939,early_Nov
7.7,1939,mid_Nov
7.4,1939,late_Nov
5.7,1939,early_Dec
6.5,1939,mid_Dec
3.3,1939,late_Dec
1.4,1939,early_Jan
2,1939,mid_Jan
2.6,1939,late_Jan
1.4,1939,early_Feb
4.6,1939,mid_Feb
4.4,1939,late_Feb
7.7,1939,early_Mar
5.2,1939,mid_Mar
7.6,1939,late_Mar
15.3,1940,early_Nov
10.9,1940,mid_Nov
9.9,1940,late_Nov
5.4,1940,early_Dec
3.9,1940,mid_Dec
5,1940,late_Dec
4.7,1940,early_Jan
2.6,1940,mid_Jan
-0.1,1940,late_Jan
1,1940,early_Feb
4.5,1940,mid_Feb
2.4,1940,late_Feb
7.3,1940,early_Mar
5.3,1940,mid_Mar
6.2,1940,late_Mar
14.5,1941,early_Nov
11.3,1941,mid_Nov
11.2,1941,late_Nov
8.6,1941,early_Dec
6.3,1941,mid_Dec
5.1,1941,late_Dec
6.7,1941,early_Jan
3.5,1941,mid_Jan
3.8,1941,late_Jan
2.1,1941,early_Feb
4.7,1941,mid_Feb
5.8,1941,late_Feb
5.2,1941,early_Mar
9.9,1941,mid_Mar
7.9,1941,late_Mar
12.8,1942,early_Nov
12.6,1942,mid_Nov
11.1,1942,late_Nov
7.6,1942,early_Dec
5.4,1942,mid_Dec
6.8,1942,late_Dec
3.5,1942,early_Jan
1.5,1942,mid_Jan
4,1942,late_Jan
4.2,1942,early_Feb
1.3,1942,mid_Feb
4.1,1942,late_Feb
7.5,1942,early_Mar
10.6,1942,mid_Mar
11.4,1942,late_Mar
11,1943,early_Nov
8.9,1943,mid_Nov
7.2,1943,late_Nov
5.1,1943,early_Dec
4.7,1943,mid_Dec
3.6,1943,late_Dec
1.4,1943,early_Jan
1.6,1943,mid_Jan
2.3,1943,late_Jan
2.7,1943,early_Feb
2.6,1943,mid_Feb
2.7,1943,late_Feb
3.4,1943,early_Mar
6.9,1943,mid_Mar
7.7,1943,late_Mar
13,1944,early_Nov
10.3,1944,mid_Nov
7,1944,late_Nov
5.4,1944,early_Dec
5.5,1944,mid_Dec
5,1944,late_Dec
2.1,1944,early_Jan
3,1944,mid_Jan
3.7,1944,late_Jan
2.3,1944,early_Feb
2.4,1944,mid_Feb
2.8,1944,late_Feb
4.7,1944,early_Mar
6.4,1944,mid_Mar
6,1944,late_Mar
12.8,1945,early_Nov
9.1,1945,mid_Nov
10.8,1945,late_Nov
5.7,1945,early_Dec
3.6,1945,mid_Dec
3,1945,late_Dec
2,1945,early_Jan
0.8,1945,mid_Jan
0.1,1945,late_Jan
0.1,1945,early_Feb
1.4,1945,mid_Feb
2.4,1945,late_Feb
5.6,1945,early_Mar
3.5,1945,mid_Mar
10.3,1945,late_Mar
11,1946,early_Nov
9.9,1946,mid_Nov
9.8,1946,late_Nov
5.8,1946,early_Dec
3.7,1946,mid_Dec
3.2,1946,late_Dec
2.6,1946,early_Jan
2,1946,mid_Jan
5.5,1946,late_Jan
2.3,1946,early_Feb
4.1,1946,mid_Feb
4,1946,late_Feb
4.6,1946,early_Mar
4.7,1946,mid_Mar
8.6,1946,late_Mar
16.1,1947,early_Nov
10.5,1947,mid_Nov
12.1,1947,late_Nov
6.1,1947,early_Dec
4.2,1947,mid_Dec
4.2,1947,late_Dec
4.1,1947,early_Jan
6.1,1947,mid_Jan
1.6,1947,late_Jan
0.7,1947,early_Feb
0.4,1947,mid_Feb
3.7,1947,late_Feb
4.7,1947,early_Mar
5.2,1947,mid_Mar
6.3,1947,late_Mar
11.2,1948,early_Nov
7.8,1948,mid_Nov
7.2,1948,late_Nov
6.8,1948,early_Dec
2.3,1948,mid_Dec
2.6,1948,late_Dec
2.3,1948,early_Jan
3.8,1948,mid_Jan
4.2,1948,late_Jan
2.1,1948,early_Feb
5,1948,mid_Feb
5.2,1948,late_Feb
3.5,1948,early_Mar
9.1,1948,mid_Mar
6.5,1948,late_Mar
12.9,1949,early_Nov
11.8,1949,mid_Nov
9.3,1949,late_Nov
7.4,1949,early_Dec
8.2,1949,mid_Dec
10,1949,late_Dec
4.4,1949,early_Jan
3.6,1949,mid_Jan
5.6,1949,late_Jan
5.8,1949,early_Feb
4.8,1949,mid_Feb
7.2,1949,late_Feb
4.3,1949,early_Mar
6.4,1949,mid_Mar
5.8,1949,late_Mar
10.9,1950,early_Nov
9.3,1950,mid_Nov
11.2,1950,late_Nov
8.1,1950,early_Dec
7.1,1950,mid_Dec
4.2,1950,late_Dec
4.6,1950,early_Jan
5.3,1950,mid_Jan
5.7,1950,late_Jan
5.8,1950,early_Feb
3.7,1950,mid_Feb
3.4,1950,late_Feb
6.9,1950,early_Mar
4.8,1950,mid_Mar
8.5,1950,late_Mar
14.2,1951,early_Nov
10,1951,mid_Nov
9.4,1951,late_Nov
5.8,1951,early_Dec
5.8,1951,mid_Dec
3.6,1951,late_Dec
4,1951,early_Jan
3.8,1951,mid_Jan
2.8,1951,late_Jan
2.9,1951,early_Feb
2.8,1951,mid_Feb
9.6,1951,late_Feb
5.6,1951,early_Mar
8.4,1951,mid_Mar
8.1,1951,late_Mar
12.5,1952,early_Nov
11.7,1952,mid_Nov
8.1,1952,late_Nov
7,1952,early_Dec
6.4,1952,mid_Dec
8.1,1952,late_Dec
4.9,1952,early_Jan
3.3,1952,mid_Jan
4,1952,late_Jan
1.9,1952,early_Feb
3.7,1952,mid_Feb
4.3,1952,late_Feb
5.7,1952,early_Mar
7.3,1952,mid_Mar
7.4,1952,late_Mar
13.7,1953,early_Nov
11.5,1953,mid_Nov
12.7,1953,late_Nov
6.4,1953,early_Dec
7.4,1953,mid_Dec
4.1,1953,late_Dec
2.7,1953,early_Jan
3,1953,mid_Jan
3,1953,late_Jan
2.4,1953,early_Feb
4.5,1953,mid_Feb
5.1,1953,late_Feb
8.4,1953,early_Mar
9,1953,mid_Mar
8.3,1953,late_Mar
13.8,1954,early_Nov
8.7,1954,mid_Nov
8.2,1954,late_Nov
8,1954,early_Dec
7.4,1954,mid_Dec
6,1954,late_Dec
5.8,1954,early_Jan
6.9,1954,mid_Jan
2.8,1954,late_Jan
2.9,1954,early_Feb
5.9,1954,mid_Feb
7.7,1954,late_Feb
6.3,1954,early_Mar
6.6,1954,mid_Mar
9.6,1954,late_Mar
12.4,1955,early_Nov
11.2,1955,mid_Nov
12.8,1955,late_Nov
10,1955,early_Dec
5.5,1955,mid_Dec
4.6,1955,late_Dec
2.5,1955,early_Jan
2.3,1955,mid_Jan
4.6,1955,late_Jan
5.6,1955,early_Feb
4.1,1955,mid_Feb
7.6,1955,late_Feb
7.1,1955,early_Mar
9.9,1955,mid_Mar
9.9,1955,late_Mar
9.9,1956,early_Nov
9.4,1956,mid_Nov
9.7,1956,late_Nov
6.8,1956,early_Dec
7.2,1956,mid_Dec
6.4,1956,late_Dec
4.1,1956,early_Jan
3.5,1956,mid_Jan
3.4,1956,late_Jan
3.6,1956,early_Feb
3,1956,mid_Feb
3.5,1956,late_Feb
4.6,1956,early_Mar
8.9,1956,mid_Mar
11.1,1956,late_Mar
13.5,1957,early_Nov
9.4,1957,mid_Nov
7.9,1957,late_Nov
5.6,1957,early_Dec
4.5,1957,mid_Dec
3,1957,late_Dec
4.5,1957,early_Jan
4,1957,mid_Jan
4.5,1957,late_Jan
5.4,1957,early_Feb
2.4,1957,mid_Feb
2.8,1957,late_Feb
4.9,1957,early_Mar
4.8,1957,mid_Mar
5.8,1957,late_Mar
12.9,1958,early_Nov
12.4,1958,mid_Nov
11,1958,late_Nov
8.1,1958,early_Dec
7.8,1958,mid_Dec
5.1,1958,late_Dec
4.1,1958,early_Jan
4.9,1958,mid_Jan
3,1958,late_Jan
5.4,1958,early_Feb
3.8,1958,mid_Feb
6.9,1958,late_Feb
3.7,1958,early_Mar
9.8,1958,mid_Mar
9,1958,late_Mar
13.1,1959,early_Nov
11.4,1959,mid_Nov
7.8,1959,late_Nov
7.5,1959,early_Dec
6.8,1959,mid_Dec
7,1959,late_Dec
2.9,1959,early_Jan
1.5,1959,mid_Jan
5.5,1959,late_Jan
7.1,1959,early_Feb
8.7,1959,mid_Feb
6.4,1959,late_Feb
9.4,1959,early_Mar
6.5,1959,mid_Mar
10.8,1959,late_Mar
16.2,1960,early_Nov
10.9,1960,mid_Nov
9,1960,late_Nov
8.8,1960,early_Dec
7.3,1960,mid_Dec
4.4,1960,late_Dec
5.7,1960,early_Jan
4.2,1960,mid_Jan
2,1960,late_Jan
5.8,1960,early_Feb
3.8,1960,mid_Feb
6.8,1960,late_Feb
9.1,1960,early_Mar
7.5,1960,mid_Mar
10,1960,late_Mar
13.5,1961,early_Nov
11.3,1961,mid_Nov
10.9,1961,late_Nov
6.9,1961,early_Dec
6.9,1961,mid_Dec
3.8,1961,late_Dec
2.9,1961,early_Jan
1.7,1961,mid_Jan
3.1,1961,late_Jan
3.4,1961,early_Feb
2.8,1961,mid_Feb
3.9,1961,late_Feb
7.1,1961,early_Mar
8.6,1961,mid_Mar
8.4,1961,late_Mar
13.5,1962,early_Nov
11.9,1962,mid_Nov
11.5,1962,late_Nov
8.1,1962,early_Dec
7.8,1962,mid_Dec
4.1,1962,late_Dec
4.3,1962,early_Jan
3.6,1962,mid_Jan
1.8,1962,late_Jan
4.5,1962,early_Feb
4.5,1962,mid_Feb
5.6,1962,late_Feb
6.1,1962,early_Mar
8.6,1962,mid_Mar
7.3,1962,late_Mar
13.3,1963,early_Nov
13,1963,mid_Nov
6.7,1963,late_Nov
6.6,1963,early_Dec
6.5,1963,mid_Dec
6.8,1963,late_Dec
2.2,1963,early_Jan
1.2,1963,mid_Jan
-0.1,1963,late_Jan
1.7,1963,early_Feb
2.3,1963,mid_Feb
3.2,1963,late_Feb
3.9,1963,early_Mar
7.4,1963,mid_Mar
9.6,1963,late_Mar
13,1964,early_Nov
11.1,1964,mid_Nov
9.4,1964,late_Nov
7.7,1964,early_Dec
6.3,1964,mid_Dec
6.2,1964,late_Dec
5,1964,early_Jan
6.5,1964,mid_Jan
5,1964,late_Jan
4,1964,early_Feb
2.9,1964,mid_Feb
2.8,1964,late_Feb
6.2,1964,early_Mar
5.9,1964,mid_Mar
7.6,1964,late_Mar
13,1965,early_Nov
9.2,1965,mid_Nov
8.6,1965,late_Nov
5.6,1965,early_Dec
4.8,1965,mid_Dec
8.1,1965,late_Dec
3.6,1965,early_Jan
2.7,1965,mid_Jan
3.8,1965,late_Jan
3.4,1965,early_Feb
4.8,1965,mid_Feb
3.2,1965,late_Feb
3,1965,early_Mar
6.2,1965,mid_Mar
7.1,1965,late_Mar
15.5,1966,early_Nov
10.3,1966,mid_Nov
9.6,1966,late_Nov
6.8,1966,early_Dec
5.4,1966,mid_Dec
5.4,1966,late_Dec
3.9,1966,early_Jan
4.1,1966,mid_Jan
2.2,1966,late_Jan
4.5,1966,early_Feb
5.3,1966,mid_Feb
7.8,1966,late_Feb
9.2,1966,early_Mar
9.2,1966,mid_Mar
7.2,1966,late_Mar
13.8,1967,early_Nov
11.3,1967,mid_Nov
7,1967,late_Nov
4.9,1967,early_Dec
4.9,1967,mid_Dec
4.3,1967,late_Dec
2.8,1967,early_Jan
1.9,1967,mid_Jan
4.8,1967,late_Jan
4.5,1967,early_Feb
2,1967,mid_Feb
6.4,1967,late_Feb
5.9,1967,early_Mar
7.3,1967,mid_Mar
9.8,1967,late_Mar
15,1968,early_Nov
10.8,1968,mid_Nov
10.1,1968,late_Nov
5.7,1968,early_Dec
5.3,1968,mid_Dec
2.9,1968,late_Dec
3.6,1968,early_Jan
3.5,1968,mid_Jan
3,1968,late_Jan
1.6,1968,early_Feb
2.4,1968,mid_Feb
2.9,1968,late_Feb
5.6,1968,early_Mar
7.2,1968,mid_Mar
11,1968,late_Mar
14.1,1969,early_Nov
9.2,1969,mid_Nov
11.5,1969,late_Nov
12.5,1969,early_Dec
8.8,1969,mid_Dec
6.1,1969,late_Dec
2.4,1969,early_Jan
4,1969,mid_Jan
7.7,1969,late_Jan
4,1969,early_Feb
7.6,1969,mid_Feb
2.8,1969,late_Feb
4.2,1969,early_Mar
5.4,1969,mid_Mar
10.7,1969,late_Mar
12.7,1970,early_Nov
12.4,1970,mid_Nov
7.9,1970,late_Nov
8,1970,early_Dec
4.8,1970,mid_Dec
4.4,1970,late_Dec
4.1,1970,early_Jan
2.3,1970,mid_Jan
4.2,1970,late_Jan
2.7,1970,early_Feb
6.5,1970,mid_Feb
6.2,1970,late_Feb
3.8,1970,early_Mar
4,1970,mid_Mar
7,1970,late_Mar
12.4,1971,early_Nov
11.6,1971,mid_Nov
9.7,1971,late_Nov
6,1971,early_Dec
7.1,1971,mid_Dec
5.5,1971,late_Dec
3.7,1971,early_Jan
5.8,1971,mid_Jan
3.6,1971,late_Jan
2,1971,early_Feb
6,1971,mid_Feb
7.8,1971,late_Feb
4.3,1971,early_Mar
6.3,1971,mid_Mar
11.1,1971,late_Mar
12.9,1972,early_Nov
12.4,1972,mid_Nov
10.2,1972,late_Nov
7.4,1972,early_Dec
7.7,1972,mid_Dec
7.1,1972,late_Dec
6.3,1972,early_Jan
7.3,1972,mid_Jan
7.5,1972,late_Jan
6.3,1972,early_Feb
6.8,1972,mid_Feb
4.2,1972,late_Feb
5.3,1972,early_Mar
9.3,1972,mid_Mar
11.6,1972,late_Mar
14.3,1973,early_Nov
13.7,1973,mid_Nov
7.8,1973,late_Nov
8.5,1973,early_Dec
6.1,1973,mid_Dec
8.3,1973,late_Dec
6.1,1973,early_Jan
5.7,1973,mid_Jan
6.7,1973,late_Jan
5.7,1973,early_Feb
8.6,1973,mid_Feb
6.5,1973,late_Feb
5.3,1973,early_Mar
7,1973,mid_Mar
10.7,1973,late_Mar
13.9,1974,early_Nov
9.4,1974,mid_Nov
7,1974,late_Nov
4.8,1974,early_Dec
4.7,1974,mid_Dec
3.3,1974,late_Dec
4.4,1974,early_Jan
3,1974,mid_Jan
2.2,1974,late_Jan
2.9,1974,early_Feb
5.3,1974,mid_Feb
4.4,1974,late_Feb
8.9,1974,early_Mar
4.9,1974,mid_Mar
7.2,1974,late_Mar
13.1,1975,early_Nov
9.1,1975,mid_Nov
9,1975,late_Nov
7.7,1975,early_Dec
6.5,1975,mid_Dec
5.8,1975,late_Dec
4.8,1975,early_Jan
2.6,1975,mid_Jan
4.5,1975,late_Jan
5.9,1975,early_Feb
2.7,1975,mid_Feb
2.4,1975,late_Feb
6.4,1975,early_Mar
8,1975,mid_Mar
7.8,1975,late_Mar
13.2,1976,early_Nov
14.5,1976,mid_Nov
9.1,1976,late_Nov
9.7,1976,early_Dec
4.8,1976,mid_Dec
4.7,1976,late_Dec
5.4,1976,early_Jan
3.2,1976,mid_Jan
2.7,1976,late_Jan
5,1976,early_Feb
7.5,1976,mid_Feb
7.7,1976,late_Feb
7,1976,early_Mar
9.2,1976,mid_Mar
7.5,1976,late_Mar
13.9,1977,early_Nov
10.2,1977,mid_Nov
6.7,1977,late_Nov
7.4,1977,early_Dec
6.8,1977,mid_Dec
4,1977,late_Dec
2.3,1977,early_Jan
2.7,1977,mid_Jan
2.6,1977,late_Jan
1,1977,early_Feb
1.9,1977,mid_Feb
6.7,1977,late_Feb
6.1,1977,early_Mar
10,1977,mid_Mar
9.9,1977,late_Mar
17,1978,early_Nov
13.9,1978,mid_Nov
9.4,1978,late_Nov
8.2,1978,early_Dec
9.5,1978,mid_Dec
6.6,1978,late_Dec
5.5,1978,early_Jan
5.4,1978,mid_Jan
3.4,1978,late_Jan
3.8,1978,early_Feb
2.6,1978,mid_Feb
4.1,1978,late_Feb
7.6,1978,early_Mar
6,1978,mid_Mar
9.1,1978,late_Mar
12.9,1979,early_Nov
12.6,1979,mid_Nov
9.7,1979,late_Nov
8.6,1979,early_Dec
8.6,1979,mid_Dec
5.4,1979,late_Dec
6.7,1979,early_Jan
3.9,1979,mid_Jan
6.4,1979,late_Jan
5.4,1979,early_Feb
7.7,1979,mid_Feb
9.7,1979,late_Feb
5.8,1979,early_Mar
7,1979,mid_Mar
10.8,1979,late_Mar
16.7,1980,early_Nov
10,1980,mid_Nov
10.9,1980,late_Nov
9.6,1980,early_Dec
7.4,1980,mid_Dec
6.1,1980,late_Dec
5.2,1980,early_Jan
2.8,1980,mid_Jan
4.7,1980,late_Jan
2.1,1980,early_Feb
3.2,1980,mid_Feb
5.3,1980,late_Feb
7.1,1980,early_Mar
6,1980,mid_Mar
8.7,1980,late_Mar
11.8,1981,early_Nov
12.1,1981,mid_Nov
12.7,1981,late_Nov
7.8,1981,early_Dec
5,1981,mid_Dec
2.8,1981,late_Dec
2.8,1981,early_Jan
1.8,1981,mid_Jan
2.5,1981,late_Jan
3.3,1981,early_Feb
6.2,1981,mid_Feb
1.8,1981,late_Feb
5.1,1981,early_Mar
9.7,1981,mid_Mar
10,1981,late_Mar
11.3,1982,early_Nov
9.5,1982,mid_Nov
8,1982,late_Nov
5.5,1982,early_Dec
5.1,1982,mid_Dec
6.9,1982,late_Dec
5,1982,early_Jan
3.5,1982,mid_Jan
2.9,1982,late_Jan
2.6,1982,early_Feb
5.1,1982,mid_Feb
5.4,1982,late_Feb
6.2,1982,early_Mar
10.6,1982,mid_Mar
9.1,1982,late_Mar
15.7,1983,early_Nov
14,1983,mid_Nov
10.6,1983,late_Nov
8.1,1983,early_Dec
6.1,1983,mid_Dec
6.8,1983,late_Dec
5.9,1983,early_Jan
4.2,1983,mid_Jan
4.2,1983,late_Jan
5.5,1983,early_Feb
3.6,1983,mid_Feb
4.4,1983,late_Feb
5.7,1983,early_Mar
7.2,1983,mid_Mar
10.4,1983,late_Mar
13.4,1984,early_Nov
10.9,1984,mid_Nov
8.5,1984,late_Nov
7.4,1984,early_Dec
5.4,1984,mid_Dec
2.8,1984,late_Dec
2.9,1984,early_Jan
2.5,1984,mid_Jan
1.3,1984,late_Jan
0.5,1984,early_Feb
2.3,1984,mid_Feb
4.4,1984,late_Feb
2.9,1984,early_Mar
5.1,1984,mid_Mar
7.1,1984,late_Mar
13.9,1985,early_Nov
13.8,1985,mid_Nov
8.9,1985,late_Nov
8.2,1985,early_Dec
8.8,1985,mid_Dec
3.1,1985,late_Dec
3.6,1985,early_Jan
3.1,1985,mid_Jan
2.7,1985,late_Jan
7.2,1985,early_Feb
5.3,1985,mid_Feb
3.7,1985,late_Feb
7.6,1985,early_Mar
7.9,1985,mid_Mar
9.9,1985,late_Mar
15.3,1986,early_Nov
9.3,1986,mid_Nov
9.4,1986,late_Nov
7.2,1986,early_Dec
3,1986,mid_Dec
6.1,1986,late_Dec
1.7,1986,early_Jan
3.7,1986,mid_Jan
3,1986,late_Jan
1.9,1986,early_Feb
3.3,1986,mid_Feb
2.5,1986,late_Feb
6,1986,early_Mar
8.3,1986,mid_Mar
8.4,1986,late_Mar
12.6,1987,early_Nov
10.8,1987,mid_Nov
9.5,1987,late_Nov
8.3,1987,early_Dec
8.7,1987,mid_Dec
6,1987,late_Dec
6.2,1987,early_Jan
3.6,1987,mid_Jan
4.5,1987,late_Jan
4.7,1987,early_Feb
6.9,1987,mid_Feb
4.1,1987,late_Feb
5.3,1987,early_Mar
8.6,1987,mid_Mar
10.5,1987,late_Mar
13.3,1988,early_Nov
12.6,1988,mid_Nov
10.4,1988,late_Nov
5.2,1988,early_Dec
7.2,1988,mid_Dec
8.3,1988,late_Dec
6.2,1988,early_Jan
5.9,1988,mid_Jan
5.7,1988,late_Jan
3.5,1988,early_Feb
3.2,1988,mid_Feb
5.3,1988,late_Feb
4.8,1988,early_Mar
8.4,1988,mid_Mar
8.6,1988,late_Mar
11.1,1989,early_Nov
10.2,1989,mid_Nov
7.4,1989,late_Nov
6.8,1989,early_Dec
5.3,1989,mid_Dec
5.5,1989,late_Dec
7.7,1989,early_Jan
7.3,1989,mid_Jan
5.5,1989,late_Jan
5.5,1989,early_Feb
6.6,1989,mid_Feb
7.8,1989,late_Feb
7.7,1989,early_Mar
8,1989,mid_Mar
8.9,1989,late_Mar
17,1990,early_Nov
12,1990,mid_Nov
8.7,1990,late_Nov
8.1,1990,early_Dec
6.6,1990,mid_Dec
6.3,1990,late_Dec
5.1,1990,early_Jan
5.7,1990,mid_Jan
2.5,1990,late_Jan
5.3,1990,early_Feb
8.8,1990,mid_Feb
9.9,1990,late_Feb
7.4,1990,early_Mar
9.3,1990,mid_Mar
11.2,1990,late_Mar
15.4,1991,early_Nov
13.7,1991,mid_Nov
12,1991,late_Nov
9.9,1991,early_Dec
7.3,1991,mid_Dec
6.1,1991,late_Dec
5.7,1991,early_Jan
4.7,1991,mid_Jan
4.8,1991,late_Jan
4.3,1991,early_Feb
5.7,1991,mid_Feb
2.7,1991,late_Feb
8.3,1991,early_Mar
8,1991,mid_Mar
11.7,1991,late_Mar
13.5,1992,early_Nov
10.5,1992,mid_Nov
11.4,1992,late_Nov
10.6,1992,early_Dec
7.5,1992,mid_Dec
7.3,1992,late_Dec
7.1,1992,early_Jan
4.6,1992,mid_Jan
6.5,1992,late_Jan
4.5,1992,early_Feb
5,1992,mid_Feb
5.7,1992,late_Feb
8.4,1992,early_Mar
10.5,1992,mid_Mar
10.2,1992,late_Mar
14.2,1993,early_Nov
12.3,1993,mid_Nov
9.1,1993,late_Nov
11.4,1993,early_Dec
6.1,1993,mid_Dec
7,1993,late_Dec
6.6,1993,early_Jan
6.2,1993,mid_Jan
4.7,1993,late_Jan
5.4,1993,early_Feb
6.8,1993,mid_Feb
6,1993,late_Feb
6.5,1993,early_Mar
5.7,1993,mid_Mar
10.3,1993,late_Mar
14.4,1994,early_Nov
16.4,1994,mid_Nov
9.5,1994,late_Nov
9,1994,early_Dec
6.3,1994,mid_Dec
6.2,1994,late_Dec
5.7,1994,early_Jan
5.5,1994,mid_Jan
3.2,1994,late_Jan
5,1994,early_Feb
4.3,1994,mid_Feb
4.6,1994,late_Feb
6.6,1994,early_Mar
6.5,1994,mid_Mar
8.1,1994,late_Mar
15.1,1995,early_Nov
14.8,1995,mid_Nov
9.5,1995,late_Nov
9.7,1995,early_Dec
6.4,1995,mid_Dec
7.1,1995,late_Dec
5.5,1995,early_Jan
3.4,1995,mid_Jan
4.8,1995,late_Jan
3.9,1995,early_Feb
5.4,1995,mid_Feb
5.3,1995,late_Feb
6.2,1995,early_Mar
8.6,1995,mid_Mar
10.8,1995,late_Mar
11.8,1996,early_Nov
10.9,1996,mid_Nov
8.1,1996,late_Nov
6,1996,early_Dec
6.6,1996,mid_Dec
3.6,1996,late_Dec
4.6,1996,early_Jan
6.4,1996,mid_Jan
3.2,1996,late_Jan
1.8,1996,early_Feb
5.3,1996,mid_Feb
4.3,1996,late_Feb
4.7,1996,early_Mar
7.3,1996,mid_Mar
10.7,1996,late_Mar
16.6,1997,early_Nov
10.4,1997,mid_Nov
10,1997,late_Nov
5.9,1997,early_Dec
8.9,1997,mid_Dec
6.5,1997,late_Dec
5.1,1997,early_Jan
5.7,1997,mid_Jan
3.2,1997,late_Jan
4.4,1997,early_Feb
4,1997,mid_Feb
5.8,1997,late_Feb
8.7,1997,early_Mar
9.6,1997,mid_Mar
9.7,1997,late_Mar
11.6,1998,early_Nov
13.8,1998,mid_Nov
13.9,1998,late_Nov
8.6,1998,early_Dec
7.5,1998,mid_Dec
7.7,1998,late_Dec
5.3,1998,early_Jan
5.9,1998,mid_Jan
3.6,1998,late_Jan
3.9,1998,early_Feb
8.5,1998,mid_Feb
9.1,1998,late_Feb
8,1998,early_Mar
9,1998,mid_Mar
11.7,1998,late_Mar
15.8,1999,early_Nov
12,1999,mid_Nov
9.7,1999,late_Nov
9.7,1999,early_Dec
8.2,1999,mid_Dec
7.2,1999,late_Dec
4.6,1999,early_Jan
5.2,1999,mid_Jan
5.4,1999,late_Jan
3.8,1999,early_Feb
4.4,1999,mid_Feb
6.1,1999,late_Feb
9.2,1999,early_Mar
11.4,1999,mid_Mar
9.2,1999,late_Mar
14.3,2000,early_Nov
12.9,2000,mid_Nov
10.8,2000,late_Nov
8.9,2000,early_Dec
6.8,2000,mid_Dec
5.3,2000,late_Dec
7.9,2000,early_Jan
7,2000,mid_Jan
3.3,2000,late_Jan
4,2000,early_Feb
4,2000,mid_Feb
2.7,2000,late_Feb
6.5,2000,early_Mar
6.8,2000,mid_Mar
9,2000,late_Mar
16.4,2001,early_Nov
13.1,2001,mid_Nov
10.4,2001,late_Nov
8.4,2001,early_Dec
7.7,2001,mid_Dec
5.6,2001,late_Dec
4.9,2001,early_Jan
2.1,2001,mid_Jan
4.6,2001,late_Jan
4.6,2001,early_Feb
4.4,2001,mid_Feb
7.3,2001,late_Feb
5.8,2001,early_Mar
8.3,2001,mid_Mar
11.3,2001,late_Mar
13.5,2002,early_Nov
10.7,2002,mid_Nov
10.1,2002,late_Nov
8.6,2002,early_Dec
6.1,2002,mid_Dec
5.1,2002,late_Dec
4.2,2002,early_Jan
8.2,2002,mid_Jan
5,2002,late_Jan
5.7,2002,early_Feb
4.2,2002,mid_Feb
8.9,2002,late_Feb
7.8,2002,early_Mar
11.8,2002,mid_Mar
11.2,2002,late_Mar
9.7,2003,early_Nov
9.8,2003,mid_Nov
9.1,2003,late_Nov
9.3,2003,early_Dec
6.1,2003,mid_Dec
5.6,2003,late_Dec
3.2,2003,early_Jan
4.6,2003,mid_Jan
3.8,2003,late_Jan
5.1,2003,early_Feb
5.6,2003,mid_Feb
5.8,2003,late_Feb
5.5,2003,early_Mar
6.1,2003,mid_Mar
10.2,2003,late_Mar
17.1,2004,early_Nov
13.4,2004,mid_Nov
12.8,2004,late_Nov
9.9,2004,early_Dec
6,2004,mid_Dec
5.9,2004,late_Dec
5.7,2004,early_Jan
4.3,2004,mid_Jan
3.1,2004,late_Jan
4.4,2004,early_Feb
6.5,2004,mid_Feb
8.7,2004,late_Feb
5.7,2004,early_Mar
10.5,2004,mid_Mar
10.9,2004,late_Mar
15.8,2005,early_Nov
13.4,2005,mid_Nov
11.4,2005,late_Nov
10.8,2005,early_Dec
9.5,2005,mid_Dec
5.9,2005,late_Dec
4.1,2005,early_Jan
4.6,2005,mid_Jan
4.9,2005,late_Jan
4.2,2005,early_Feb
5.8,2005,mid_Feb
4.5,2005,late_Feb
6.7,2005,early_Mar
7.1,2005,mid_Mar
9.2,2005,late_Mar
15,2006,early_Nov
10.6,2006,mid_Nov
9.9,2006,late_Nov
5.9,2006,early_Dec
3,2006,mid_Dec
2.9,2006,late_Dec
2.8,2006,early_Jan
5.5,2006,mid_Jan
3.8,2006,late_Jan
3.5,2006,early_Feb
5.8,2006,mid_Feb
7.6,2006,late_Feb
7.6,2006,early_Mar
6.7,2006,mid_Mar
8.2,2006,late_Mar
15.5,2007,early_Nov
11.7,2007,mid_Nov
12.5,2007,late_Nov
7.9,2007,early_Dec
7.6,2007,mid_Dec
7.3,2007,late_Dec
5.7,2007,early_Jan
5.6,2007,mid_Jan
6.1,2007,late_Jan
6.8,2007,early_Feb
7.1,2007,mid_Feb
8.2,2007,late_Feb
8.8,2007,early_Mar
5.2,2007,mid_Mar
11.5,2007,late_Mar
15.2,2008,early_Nov
11.2,2008,mid_Nov
9.8,2008,late_Nov
7.9,2008,early_Dec
7.5,2008,mid_Dec
7.8,2008,late_Dec
5.9,2008,early_Jan
4.5,2008,mid_Jan
3.7,2008,late_Jan
3.3,2008,early_Feb
3.3,2008,mid_Feb
4.2,2008,late_Feb
6.2,2008,early_Mar
11.6,2008,mid_Mar
10.8,2008,late_Mar
14.6,2009,early_Nov
11.9,2009,mid_Nov
9.3,2009,late_Nov
8.2,2009,early_Dec
8.6,2009,mid_Dec
6.2,2009,late_Dec
5.2,2009,early_Jan
3.9,2009,mid_Jan
6.4,2009,late_Jan
5.6,2009,early_Feb
7.2,2009,mid_Feb
7.5,2009,late_Feb
8.2,2009,early_Mar
9.9,2009,mid_Mar
8.3,2009,late_Mar
14.2,2010,early_Nov
12.3,2010,mid_Nov
10.5,2010,late_Nov
9.3,2010,early_Dec
6.7,2010,mid_Dec
5.8,2010,late_Dec
4.4,2010,early_Jan
4.2,2010,mid_Jan
5.5,2010,late_Jan
5.2,2010,early_Feb
4.7,2010,mid_Feb
11.3,2010,late_Feb
8.5,2010,early_Mar
9.9,2010,mid_Mar
7.3,2010,late_Mar
13.1,2011,early_Nov
11.4,2011,mid_Nov
10.8,2011,late_Nov
9.8,2011,early_Dec
7.4,2011,mid_Dec
5.5,2011,late_Dec
3.2,2011,early_Jan
2.6,2011,mid_Jan
2.7,2011,late_Jan
5.6,2011,early_Feb
4.3,2011,mid_Feb
9.8,2011,late_Feb
5.1,2011,early_Mar
7.9,2011,mid_Mar
7.3,2011,late_Mar
17.1,2012,early_Nov
14,2012,mid_Nov
10.3,2012,late_Nov
9.5,2012,early_Dec
6.2,2012,mid_Dec
4.2,2012,late_Dec
4.3,2012,early_Jan
4.8,2012,mid_Jan
3.4,2012,late_Jan
3.3,2012,early_Feb
3.2,2012,mid_Feb
6,2012,late_Feb
9.2,2012,early_Mar
6.7,2012,mid_Mar
8.8,2012,late_Mar
13.3,2013,early_Nov
11,2013,mid_Nov
9.2,2013,late_Nov
5.1,2013,early_Dec
6.2,2013,mid_Dec
5,2013,late_Dec
3.2,2013,early_Jan
4,2013,mid_Jan
4.4,2013,late_Jan
5.6,2013,early_Feb
3.5,2013,mid_Feb
4.4,2013,late_Feb
8.6,2013,early_Mar
10.3,2013,mid_Mar
10.1,2013,late_Mar
15.2,2014,early_Nov
10.4,2014,mid_Nov
9,2014,late_Nov
8.5,2014,early_Dec
5.8,2014,mid_Dec
4.7,2014,late_Dec
4.7,2014,early_Jan
3.3,2014,mid_Jan
5.3,2014,late_Jan
5.1,2014,early_Feb
3.6,2014,mid_Feb
6.9,2014,late_Feb
5.6,2014,early_Mar
9.2,2014,mid_Mar
11.9,2014,late_Mar
15.3,2015,early_Nov
10.9,2015,mid_Nov
13.2,2015,late_Nov
6.5,2015,early_Dec
4.6,2015,mid_Dec
5.6,2015,late_Dec
3.8,2015,early_Jan
5.1,2015,mid_Jan
5.7,2015,late_Jan
3.8,2015,early_Feb
5.1,2015,mid_Feb
8.5,2015,late_Feb
7.2,2015,early_Mar
10.1,2015,mid_Mar
10.8,2015,late_Mar
16.2,2016,early_Nov
15.7,2016,mid_Nov
11.5,2016,late_Nov
9.9,2016,early_Dec
9.7,2016,mid_Dec
7.5,2016,late_Dec
7.6,2016,early_Jan
5,2016,mid_Jan
4.5,2016,late_Jan
4.9,2016,early_Feb
7.9,2016,mid_Feb
6.4,2016,late_Feb
10.4,2016,early_Mar
9.2,2016,mid_Mar
10.2,2016,late_Mar
12.1,2017,early_Nov
14.1,2017,mid_Nov
11.3,2017,late_Nov
9.9,2017,early_Dec
6.9,2017,mid_Dec
7.7,2017,late_Dec
6.9,2017,early_Jan
3.5,2017,mid_Jan
4.1,2017,late_Jan
4.6,2017,early_Feb
5.1,2017,mid_Feb
5.7,2017,late_Feb
7.2,2017,early_Mar
8.1,2017,mid_Mar
9.1,2017,late_Mar
14,2018,early_Nov
10.1,2018,mid_Nov
9.6,2018,late_Nov
6.6,2018,early_Dec
4.7,2018,mid_Dec
5.4,2018,late_Dec
4.7,2018,early_Jan
5,2018,mid_Jan
2.2,2018,late_Jan
2.5,2018,early_Feb
4.3,2018,mid_Feb
7,2018,late_Feb
9.4,2018,early_Mar
11,2018,mid_Mar
12.3,2018,late_Mar
16.1,2019,early_Nov
13.4,2019,mid_Nov
11,2019,late_Nov
11.1,2019,early_Dec
7.1,2019,mid_Dec
6.6,2019,late_Dec
5,2019,early_Jan
5.6,2019,mid_Jan
4.7,2019,late_Jan
6.4,2019,early_Feb
6,2019,mid_Feb
8.8,2019,late_Feb
9.1,2019,early_Mar
8.7,2019,mid_Mar
10.9,2019,late_Mar
14.4,2020,early_Nov
12.8,2020,mid_Nov
11.6,2020,late_Nov
8,2020,early_Dec
9.1,2020,mid_Dec
7.9,2020,late_Dec
7.1,2020,early_Jan
6.8,2020,mid_Jan
8.6,2020,late_Jan
4.7,2020,early_Feb
8.5,2020,mid_Feb
7.6,2020,late_Feb
9.9,2020,early_Mar
9.9,2020,mid_Mar
11.9,2020,late_Mar
13.9,2021,early_Nov
15.2,2021,mid_Nov
11.8,2021,late_Nov
9.4,2021,early_Dec
6.3,2021,mid_Dec
6,2021,late_Dec
2.9,2021,early_Jan
4.7,2021,mid_Jan
7.5,2021,late_Jan
6.5,2021,early_Feb
8.2,2021,mid_Feb
8.7,2021,late_Feb
9.7,2021,early_Mar
11.3,2021,mid_Mar
13.5,2021,late_Mar
